26,https://s3-ap-northeast-1.amazonaws.com/files.fabnavi/namePlate/pict140424_1956370000.JPG,,4,2,2014-06-28 09:14:06.998381,2014-06-28 09:14:06.998381
35,https://s3-ap-northeast-1.amazonaws.com/files.fabnavi/namePlate/pict140424_1957080000.JPG,,4,3,2014-06-28 09:15:53.284269,2014-06-28 09:15:53.284269
41,https://s3-ap-northeast-1.amazonaws.com/files.fabnavi/namePlate/pict140424_1957330000.JPG,,4,4,2014-06-28 09:17:10.088916,2014-06-28 09:17:10.088916
50,https://s3-ap-northeast-1.amazonaws.com/files.fabnavi/namePlate/pict140424_1958180000.JPG,,4,5,2014-06-28 09:18:57.573314,2014-06-28 09:18:57.573314
60,https://s3-ap-northeast-1.amazonaws.com/files.fabnavi/namePlate/pict140424_1958440000.JPG,,4,6,2014-06-28 09:21:00.213173,2014-06-28 09:21:00.213173
68,https://s3-ap-northeast-1.amazonaws.com/files.fabnavi/namePlate/pict140424_1959040000.JPG,,4,7,2014-06-28 09:22:43.569599,2014-06-28 09:22:43.569599
13,https://s3-ap-northeast-1.amazonaws.com/files.fabnavi/lego/R0193306.jpg,,7,3,2014-06-28 09:10:42.705825,2014-10-03 16:03:40.409631
14,https://s3-ap-northeast-1.amazonaws.com/files.fabnavi/lego/R0193307.jpg,,7,4,2014-06-28 09:11:04.476239,2014-10-03 16:03:40.414473
15,https://s3-ap-northeast-1.amazonaws.com/files.fabnavi/lego/R0193308.jpg,,7,5,2014-06-28 09:11:32.72423,2014-10-03 16:03:40.419297
16,https://s3-ap-northeast-1.amazonaws.com/files.fabnavi/lego/R0193309.jpg,,7,6,2014-06-28 09:12:06.717873,2014-10-03 16:03:40.424019
18,https://s3-ap-northeast-1.amazonaws.com/files.fabnavi/lego/R0193310.jpg,,7,7,2014-06-28 09:12:30.343677,2014-10-03 16:03:40.429089
21,https://s3-ap-northeast-1.amazonaws.com/files.fabnavi/lego/R0193311.jpg,,7,8,2014-06-28 09:13:08.198595,2014-10-03 16:03:40.433833
24,https://s3-ap-northeast-1.amazonaws.com/files.fabnavi/lego/R0193312.jpg,,7,9,2014-06-28 09:13:47.488349,2014-10-03 16:03:40.438514
27,https://s3-ap-northeast-1.amazonaws.com/files.fabnavi/lego/R0193313.jpg,,7,10,2014-06-28 09:14:12.900342,2014-10-03 16:03:40.443336
30,https://s3-ap-northeast-1.amazonaws.com/files.fabnavi/lego/R0193314.jpg,,7,11,2014-06-28 09:14:56.148011,2014-10-03 16:03:40.4483
33,https://s3-ap-northeast-1.amazonaws.com/files.fabnavi/lego/R0193315.jpg,,7,12,2014-06-28 09:15:44.810985,2014-10-03 16:03:40.4533
36,https://s3-ap-northeast-1.amazonaws.com/files.fabnavi/lego/R0193316.jpg,,7,13,2014-06-28 09:16:10.336661,2014-10-03 16:03:40.458008
39,https://s3-ap-northeast-1.amazonaws.com/files.fabnavi/lego/R0193317.jpg,,7,14,2014-06-28 09:16:47.866118,2014-10-03 16:03:40.46314
42,https://s3-ap-northeast-1.amazonaws.com/files.fabnavi/lego/R0193318.jpg,,7,15,2014-06-28 09:17:21.908051,2014-10-03 16:03:40.468255
45,https://s3-ap-northeast-1.amazonaws.com/files.fabnavi/lego/R0193319.jpg,,7,16,2014-06-28 09:18:05.143626,2014-10-03 16:03:40.473255
48,https://s3-ap-northeast-1.amazonaws.com/files.fabnavi/lego/R0193320.jpg,,7,17,2014-06-28 09:18:51.088624,2014-10-03 16:03:40.477708
52,https://s3-ap-northeast-1.amazonaws.com/files.fabnavi/lego/R0193321.jpg,,7,18,2014-06-28 09:19:20.078073,2014-10-03 16:03:40.482783
55,https://s3-ap-northeast-1.amazonaws.com/files.fabnavi/lego/R0193322.jpg,,7,19,2014-06-28 09:19:58.041931,2014-10-03 16:03:40.488535
58,https://s3-ap-northeast-1.amazonaws.com/files.fabnavi/lego/R0193323.jpg,,7,20,2014-06-28 09:20:45.560551,2014-10-03 16:03:40.494496
62,https://s3-ap-northeast-1.amazonaws.com/files.fabnavi/lego/R0193324.jpg,,7,21,2014-06-28 09:21:19.622751,2014-10-03 16:03:40.500104
65,https://s3-ap-northeast-1.amazonaws.com/files.fabnavi/lego/R0193325.jpg,,7,22,2014-06-28 09:22:00.168622,2014-10-03 16:03:40.506072
12,https://s3-ap-northeast-1.amazonaws.com/files.fabnavi/lego/R0193305.jpg,,7,2,2014-06-28 09:10:24.037374,2014-10-03 16:03:40.403259
78,https://s3-ap-northeast-1.amazonaws.com/files.fabnavi/namePlate/pict140424_2000360000.JPG,,4,8,2014-06-28 09:24:33.456766,2014-06-28 09:24:33.456766
100,https://s3-ap-northeast-1.amazonaws.com/files.fabnavi/namePlate/pict140424_2002410000.JPG,,4,11,2014-06-28 09:29:13.327606,2014-06-28 09:29:13.327606
108,https://s3-ap-northeast-1.amazonaws.com/files.fabnavi/namePlate/pict140424_2002570000.JPG,,4,12,2014-06-28 09:31:37.333064,2014-06-28 09:31:37.333064
22,https://s3-ap-northeast-1.amazonaws.com/files.fabnavi/bighand/pict20140418_093505_0.JPG.jpg,,5,115,2014-06-28 09:13:23.155569,2015-03-02 11:25:26.36401
23,https://s3-ap-northeast-1.amazonaws.com/files.fabnavi/bighand/pict20140418_093538_0.JPG.jpg,,5,116,2014-06-28 09:13:43.753428,2015-03-02 11:25:26.369743
25,https://s3-ap-northeast-1.amazonaws.com/files.fabnavi/bighand/pict20140418_093607_0.JPG.jpg,,5,117,2014-06-28 09:14:05.477156,2015-03-02 11:25:26.37636
28,https://s3-ap-northeast-1.amazonaws.com/files.fabnavi/bighand/pict20140418_093738_0.JPG.jpg,,5,118,2014-06-28 09:14:24.510464,2015-03-02 11:25:26.382106
29,https://s3-ap-northeast-1.amazonaws.com/files.fabnavi/bighand/pict20140418_093814_0.JPG.jpg,,5,119,2014-06-28 09:14:46.671065,2015-03-02 11:25:26.387751
31,https://s3-ap-northeast-1.amazonaws.com/files.fabnavi/bighand/pict20140418_093851_0.JPG.jpg,,5,120,2014-06-28 09:15:17.958348,2015-03-02 11:25:26.393527
32,https://s3-ap-northeast-1.amazonaws.com/files.fabnavi/bighand/pict20140418_093943_0.JPG.jpg,,5,121,2014-06-28 09:15:32.91301,2015-03-02 11:25:26.39896
34,https://s3-ap-northeast-1.amazonaws.com/files.fabnavi/bighand/pict20140418_094037_0.JPG.jpg,,5,122,2014-06-28 09:15:51.545342,2015-03-02 11:25:26.404253
37,https://s3-ap-northeast-1.amazonaws.com/files.fabnavi/bighand/pict20140418_094124_0.JPG.jpg,,5,123,2014-06-28 09:16:20.230023,2015-03-02 11:25:26.409587
38,https://s3-ap-northeast-1.amazonaws.com/files.fabnavi/bighand/pict20140418_094204_0.JPG.jpg,,5,124,2014-06-28 09:16:41.348827,2015-03-02 11:25:26.415039
40,https://s3-ap-northeast-1.amazonaws.com/files.fabnavi/bighand/pict20140418_094237_0.JPG.jpg,,5,125,2014-06-28 09:17:01.789536,2015-03-02 11:25:26.420351
43,https://s3-ap-northeast-1.amazonaws.com/files.fabnavi/bighand/pict20140418_094312_0.JPG.jpg,,5,126,2014-06-28 09:17:25.055564,2015-03-02 11:25:26.425511
44,https://s3-ap-northeast-1.amazonaws.com/files.fabnavi/bighand/pict20140418_094415_0.JPG.jpg,,5,127,2014-06-28 09:17:43.131998,2015-03-02 11:25:26.430961
46,https://s3-ap-northeast-1.amazonaws.com/files.fabnavi/bighand/pict20140418_094444_0.JPG.jpg,,5,128,2014-06-28 09:18:06.567669,2015-03-02 11:25:26.436323
47,https://s3-ap-northeast-1.amazonaws.com/files.fabnavi/bighand/pict20140418_094522_0.JPG.jpg,,5,129,2014-06-28 09:18:31.141052,2015-03-02 11:25:26.441623
49,https://s3-ap-northeast-1.amazonaws.com/files.fabnavi/bighand/pict20140418_094554_0.JPG.jpg,,5,130,2014-06-28 09:18:51.961074,2015-03-02 11:25:26.449484
53,https://s3-ap-northeast-1.amazonaws.com/files.fabnavi/bighand/pict20140418_094738_0.JPG.jpg,,5,132,2014-06-28 09:19:35.126898,2015-03-02 11:25:26.45998
56,https://s3-ap-northeast-1.amazonaws.com/files.fabnavi/bighand/pict20140418_094857_0.JPG.jpg,,5,134,2014-06-28 09:20:18.458289,2015-03-02 11:25:26.471246
57,https://s3-ap-northeast-1.amazonaws.com/files.fabnavi/bighand/pict20140418_094937_0.JPG.jpg,,5,135,2014-06-28 09:20:34.750367,2015-03-02 11:25:26.476463
59,https://s3-ap-northeast-1.amazonaws.com/files.fabnavi/bighand/pict20140418_095014_0.JPG.jpg,,5,136,2014-06-28 09:20:49.955703,2015-03-02 11:25:26.48179
61,https://s3-ap-northeast-1.amazonaws.com/files.fabnavi/bighand/pict20140418_095103_0.JPG.jpg,,5,137,2014-06-28 09:21:07.395258,2015-03-02 11:25:26.487143
63,https://s3-ap-northeast-1.amazonaws.com/files.fabnavi/bighand/pict20140418_095141_0.JPG.jpg,,5,138,2014-06-28 09:21:27.025457,2015-03-02 11:25:26.492473
64,https://s3-ap-northeast-1.amazonaws.com/files.fabnavi/bighand/pict20140418_095217_0.JPG.jpg,,5,139,2014-06-28 09:21:51.207093,2015-03-02 11:25:26.497943
66,https://s3-ap-northeast-1.amazonaws.com/files.fabnavi/bighand/pict20140418_095244_0.JPG.jpg,,5,140,2014-06-28 09:22:15.045901,2015-03-02 11:25:26.503127
67,https://s3-ap-northeast-1.amazonaws.com/files.fabnavi/bighand/pict20140418_095314_0.JPG.jpg,,5,141,2014-06-28 09:22:38.641518,2015-03-02 11:25:26.508521
114,https://s3-ap-northeast-1.amazonaws.com/files.fabnavi/854494000/pict140424_1636550000.JPG,,9,2,2014-06-28 09:33:02.621626,2014-06-28 09:33:02.621626
104,https://s3-ap-northeast-1.amazonaws.com/files.fabnavi/854494000/pict140424_1636350000.JPG,https://s3-ap-northeast-1.amazonaws.com/files.fabnavi/854494000/pict140424_1636350000.JPG,9,1,2014-06-28 09:30:45.032983,2014-06-30 04:02:36.338237
85,https://s3-ap-northeast-1.amazonaws.com/files.fabnavi/namePlate/pict140424_2001190000.JPG,,4,9,2014-06-28 09:26:00.811397,2014-06-28 09:26:00.811397
91,https://s3-ap-northeast-1.amazonaws.com/files.fabnavi/namePlate/pict140424_2002290000.JPG,,4,10,2014-06-28 09:27:06.656416,2014-06-28 09:27:06.656416
119,https://s3-ap-northeast-1.amazonaws.com/files.fabnavi/namePlate/pict140424_2003090000.JPG,,4,13,2014-06-28 09:34:46.778269,2014-06-28 09:34:46.778269
123,https://s3-ap-northeast-1.amazonaws.com/files.fabnavi/ninja-star/pict140424_2144100000.JPG,,8,2,2014-06-28 09:35:36.809325,2014-06-28 09:35:36.809325
79,https://s3-ap-northeast-1.amazonaws.com/files.fabnavi/lego/R0193329.jpg,,7,26,2014-06-28 09:24:43.483111,2014-10-03 16:03:40.526938
92,https://s3-ap-northeast-1.amazonaws.com/files.fabnavi/lego/R0193332.jpg,,7,29,2014-06-28 09:27:08.173466,2014-10-03 16:03:40.543249
95,https://s3-ap-northeast-1.amazonaws.com/files.fabnavi/lego/R0193333.jpg,,7,30,2014-06-28 09:27:56.423656,2014-10-03 16:03:40.548062
98,https://s3-ap-northeast-1.amazonaws.com/files.fabnavi/lego/R0193334.jpg,,7,31,2014-06-28 09:28:40.937081,2014-10-03 16:03:40.553478
102,https://s3-ap-northeast-1.amazonaws.com/files.fabnavi/lego/R0193335.jpg,,7,32,2014-06-28 09:29:46.843619,2014-10-03 16:03:40.559196
106,https://s3-ap-northeast-1.amazonaws.com/files.fabnavi/lego/R0193336.jpg,,7,33,2014-06-28 09:30:53.313143,2014-10-03 16:03:40.564158
109,https://s3-ap-northeast-1.amazonaws.com/files.fabnavi/lego/R0193337.jpg,,7,34,2014-06-28 09:31:47.44444,2014-10-03 16:03:40.56921
73,https://s3-ap-northeast-1.amazonaws.com/files.fabnavi/lego/R0193327.jpg,,7,24,2014-06-28 09:23:41.576037,2014-10-03 16:03:40.516737
76,https://s3-ap-northeast-1.amazonaws.com/files.fabnavi/lego/R0193328.jpg,,7,25,2014-06-28 09:24:17.226989,2014-10-03 16:03:40.522191
83,https://s3-ap-northeast-1.amazonaws.com/files.fabnavi/lego/R0193330.jpg,,7,27,2014-06-28 09:25:32.536448,2014-10-03 16:03:40.531905
88,https://s3-ap-northeast-1.amazonaws.com/files.fabnavi/lego/R0193331.jpg,,7,28,2014-06-28 09:26:28.481888,2014-10-03 16:03:40.537644
113,https://s3-ap-northeast-1.amazonaws.com/files.fabnavi/lego/R0193338.jpg,,7,35,2014-06-28 09:32:50.41686,2014-10-03 16:03:40.574131
117,https://s3-ap-northeast-1.amazonaws.com/files.fabnavi/lego/R0193339.jpg,,7,36,2014-06-28 09:34:03.366239,2014-10-03 16:03:40.578903
121,https://s3-ap-northeast-1.amazonaws.com/files.fabnavi/lego/R0193340.jpg,,7,37,2014-06-28 09:35:13.920639,2014-10-03 16:03:40.583602
125,https://s3-ap-northeast-1.amazonaws.com/files.fabnavi/lego/R0193341.jpg,,7,38,2014-06-28 09:36:22.523947,2014-10-03 16:03:40.589138
71,https://s3-ap-northeast-1.amazonaws.com/files.fabnavi/lego/R0193326.jpg,,7,23,2014-06-28 09:23:05.355329,2014-10-03 16:03:40.511615
126,https://s3-ap-northeast-1.amazonaws.com/files.fabnavi/854494000/pict140424_1637000000.JPG,,9,3,2014-06-28 09:36:25.094727,2014-06-28 09:36:25.094727
130,https://s3-ap-northeast-1.amazonaws.com/files.fabnavi/namePlate/pict140424_2003200000.JPG,,4,14,2014-06-28 09:37:46.746241,2014-06-28 09:37:46.746241
134,https://s3-ap-northeast-1.amazonaws.com/files.fabnavi/ninja-star/pict140424_2144270000.JPG,,8,3,2014-06-28 09:38:47.850494,2014-06-28 09:38:47.850494
138,https://s3-ap-northeast-1.amazonaws.com/files.fabnavi/namePlate/pict140424_2003340000.JPG,,4,15,2014-06-28 09:40:06.097225,2014-06-28 09:40:06.097225
141,https://s3-ap-northeast-1.amazonaws.com/files.fabnavi/ninja-star/pict140424_2144520000.JPG,,8,4,2014-06-28 09:40:42.691654,2014-06-28 09:40:42.691654
89,https://s3-ap-northeast-1.amazonaws.com/files.fabnavi/bighand/pict20140418_100201_0.JPG.jpg,,5,43,2014-06-28 09:26:34.410674,2015-03-02 11:25:25.941281
93,https://s3-ap-northeast-1.amazonaws.com/files.fabnavi/bighand/pict20140418_100313_0.JPG.jpg,,5,44,2014-06-28 09:27:15.755573,2015-03-02 11:25:25.947413
94,https://s3-ap-northeast-1.amazonaws.com/files.fabnavi/bighand/pict20140418_100358_0.JPG.jpg,,5,45,2014-06-28 09:27:41.936077,2015-03-02 11:25:25.956627
97,https://s3-ap-northeast-1.amazonaws.com/files.fabnavi/bighand/pict20140418_100459_0.JPG.jpg,,5,46,2014-06-28 09:28:25.839479,2015-03-02 11:25:25.961988
101,https://s3-ap-northeast-1.amazonaws.com/files.fabnavi/bighand/pict20140418_100618_0.JPG.jpg,,5,47,2014-06-28 09:29:22.971339,2015-03-02 11:25:25.967099
115,https://s3-ap-northeast-1.amazonaws.com/files.fabnavi/bighand/pict20140418_101017_0.JPG.jpg,,5,48,2014-06-28 09:33:09.347951,2015-03-02 11:25:25.972316
116,https://s3-ap-northeast-1.amazonaws.com/files.fabnavi/bighand/pict20140418_101045_0.JPG.jpg,,5,49,2014-06-28 09:33:47.493825,2015-03-02 11:25:25.97738
90,https://s3-ap-northeast-1.amazonaws.com/files.fabnavi/bighand/pict20140418_100238_0.JPG.jpg,,5,50,2014-06-28 09:27:03.999237,2015-03-02 11:25:25.982405
96,https://s3-ap-northeast-1.amazonaws.com/files.fabnavi/bighand/pict20140418_100428_0.JPG.jpg,,5,51,2014-06-28 09:28:01.692122,2015-03-02 11:25:25.987511
99,https://s3-ap-northeast-1.amazonaws.com/files.fabnavi/bighand/pict20140418_100539_0.JPG.jpg,,5,52,2014-06-28 09:28:52.421328,2015-03-02 11:25:25.99295
103,https://s3-ap-northeast-1.amazonaws.com/files.fabnavi/bighand/pict20140418_100701_0.JPG.jpg,,5,53,2014-06-28 09:30:04.96399,2015-03-02 11:25:26.00287
105,https://s3-ap-northeast-1.amazonaws.com/files.fabnavi/bighand/pict20140418_100735_0.JPG.jpg,,5,54,2014-06-28 09:30:45.79448,2015-03-02 11:25:26.008156
110,https://s3-ap-northeast-1.amazonaws.com/files.fabnavi/bighand/pict20140418_100908_0.JPG.jpg,,5,56,2014-06-28 09:32:03.642137,2015-03-02 11:25:26.018383
112,https://s3-ap-northeast-1.amazonaws.com/files.fabnavi/bighand/pict20140418_100943_0.JPG.jpg,,5,57,2014-06-28 09:32:39.086716,2015-03-02 11:25:26.02404
118,https://s3-ap-northeast-1.amazonaws.com/files.fabnavi/bighand/pict20140418_101122_0.JPG.jpg,,5,58,2014-06-28 09:34:22.798068,2015-03-02 11:25:26.035114
120,https://s3-ap-northeast-1.amazonaws.com/files.fabnavi/bighand/pict20140418_101148_0.JPG.jpg,,5,59,2014-06-28 09:34:58.724658,2015-03-02 11:25:26.043939
122,https://s3-ap-northeast-1.amazonaws.com/files.fabnavi/bighand/pict20140418_101223_0.JPG.jpg,,5,60,2014-06-28 09:35:32.345449,2015-03-02 11:25:26.051261
124,https://s3-ap-northeast-1.amazonaws.com/files.fabnavi/bighand/pict20140418_101253_0.JPG.jpg,,5,61,2014-06-28 09:36:13.715279,2015-03-02 11:25:26.056877
72,https://s3-ap-northeast-1.amazonaws.com/files.fabnavi/bighand/pict20140418_095509_0.JPG.jpg,,5,144,2014-06-28 09:23:24.32512,2015-03-02 11:25:26.529381
74,https://s3-ap-northeast-1.amazonaws.com/files.fabnavi/bighand/pict20140418_095538_0.JPG.jpg,,5,145,2014-06-28 09:23:47.462305,2015-03-02 11:25:26.53462
75,https://s3-ap-northeast-1.amazonaws.com/files.fabnavi/bighand/pict20140418_095610_0.JPG.jpg,,5,146,2014-06-28 09:24:06.50912,2015-03-02 11:25:26.539859
77,https://s3-ap-northeast-1.amazonaws.com/files.fabnavi/bighand/pict20140418_095721_0.JPG.jpg,,5,147,2014-06-28 09:24:30.844739,2015-03-02 11:25:26.545487
80,https://s3-ap-northeast-1.amazonaws.com/files.fabnavi/bighand/pict20140418_095757_0.JPG.jpg,,5,148,2014-06-28 09:24:49.52869,2015-03-02 11:25:26.553527
81,https://s3-ap-northeast-1.amazonaws.com/files.fabnavi/bighand/pict20140418_095838_0.JPG.jpg,,5,149,2014-06-28 09:25:05.550928,2015-03-02 11:25:26.559625
82,https://s3-ap-northeast-1.amazonaws.com/files.fabnavi/bighand/pict20140418_095921_0.JPG.jpg,,5,150,2014-06-28 09:25:25.7023,2015-03-02 11:25:26.564978
84,https://s3-ap-northeast-1.amazonaws.com/files.fabnavi/bighand/pict20140418_100000_0.JPG.jpg,,5,151,2014-06-28 09:25:43.102841,2015-03-02 11:25:26.570384
86,https://s3-ap-northeast-1.amazonaws.com/files.fabnavi/bighand/pict20140418_100038_0.JPG.jpg,,5,152,2014-06-28 09:26:03.282062,2015-03-02 11:25:26.575459
145,https://s3-ap-northeast-1.amazonaws.com/files.fabnavi/namePlate/pict140424_2003540000.JPG,,4,16,2014-06-28 09:41:35.355527,2014-06-28 09:41:35.355527
149,https://s3-ap-northeast-1.amazonaws.com/files.fabnavi/ninja-star/pict140424_2145020000.JPG,,8,5,2014-06-28 09:42:46.878435,2014-06-28 09:42:46.878435
177,https://s3-ap-northeast-1.amazonaws.com/files.fabnavi/ninja-star/pict140424_2150090000.JPG,,8,9,2014-06-28 09:48:59.23882,2014-06-28 09:48:59.23882
151,https://s3-ap-northeast-1.amazonaws.com/files.fabnavi/namePlate/pict140424_2004030000.JPG,,4,17,2014-06-28 09:43:21.18884,2014-06-28 09:43:21.18884
157,https://s3-ap-northeast-1.amazonaws.com/files.fabnavi/ninja-star/pict140424_2149090000.JPG,,8,6,2014-06-28 09:45:00.560155,2014-06-28 09:45:00.560155
159,https://s3-ap-northeast-1.amazonaws.com/files.fabnavi/namePlate/pict140424_2058180000.JPG,,4,18,2014-06-28 09:45:18.767404,2014-06-28 09:45:18.767404
164,https://s3-ap-northeast-1.amazonaws.com/files.fabnavi/ninja-star/pict140424_2149240000.JPG,,8,7,2014-06-28 09:46:29.68957,2014-06-28 09:46:29.68957
172,https://s3-ap-northeast-1.amazonaws.com/files.fabnavi/ninja-star/pict140424_2149400000.JPG,,8,8,2014-06-28 09:47:57.102531,2014-06-28 09:47:57.102531
129,https://s3-ap-northeast-1.amazonaws.com/files.fabnavi/lego/R0193342.jpg,,7,39,2014-06-28 09:37:25.7837,2014-10-03 16:03:40.59374
183,https://s3-ap-northeast-1.amazonaws.com/files.fabnavi/ninja-star/pict140424_2150470000.JPG,,8,10,2014-06-28 09:50:19.439812,2014-06-28 09:50:19.439812
189,https://s3-ap-northeast-1.amazonaws.com/files.fabnavi/ninja-star/pict140424_2150590000.JPG,,8,11,2014-06-28 09:51:44.433559,2014-06-28 09:51:44.433559
196,https://s3-ap-northeast-1.amazonaws.com/files.fabnavi/ninja-star/pict140424_2151160000.JPG,,8,12,2014-06-28 09:53:12.039389,2014-06-28 09:53:12.039389
240,https://s3-ap-northeast-1.amazonaws.com/files.fabnavi/854494000/pict140424_1638580000.JPG,,9,9,2014-06-28 10:17:45.460308,2014-06-28 10:17:45.460308
241,https://s3-ap-northeast-1.amazonaws.com/files.fabnavi/854494000/pict140424_1639200000.JPG,,9,10,2014-06-28 10:31:29.904818,2014-06-28 10:31:29.904818
242,https://s3-ap-northeast-1.amazonaws.com/files.fabnavi/854494000/pict140424_1639360000.JPG,,9,11,2014-06-28 10:32:30.337635,2014-06-28 10:32:30.337635
243,https://s3-ap-northeast-1.amazonaws.com/files.fabnavi/854494000/pict140424_1640180000.JPG,,9,12,2014-06-28 10:33:57.115788,2014-06-28 10:33:57.115788
136,https://s3-ap-northeast-1.amazonaws.com/files.fabnavi/bighand/pict20140418_101721_0.JPG.jpg,,5,63,2014-06-28 09:39:31.684187,2015-03-02 11:25:26.066951
137,https://s3-ap-northeast-1.amazonaws.com/files.fabnavi/bighand/pict20140418_101756_0.JPG.jpg,,5,64,2014-06-28 09:39:50.210904,2015-03-02 11:25:26.072256
139,https://s3-ap-northeast-1.amazonaws.com/files.fabnavi/bighand/pict20140418_101834_0.JPG.jpg,,5,65,2014-06-28 09:40:08.99083,2015-03-02 11:25:26.077456
140,https://s3-ap-northeast-1.amazonaws.com/files.fabnavi/bighand/pict20140418_101901_0.JPG.jpg,,5,66,2014-06-28 09:40:29.596655,2015-03-02 11:25:26.082753
142,https://s3-ap-northeast-1.amazonaws.com/files.fabnavi/bighand/pict20140418_101930_0.JPG.jpg,,5,67,2014-06-28 09:40:48.075997,2015-03-02 11:25:26.090431
143,https://s3-ap-northeast-1.amazonaws.com/files.fabnavi/bighand/pict20140418_102006_0.JPG.jpg,,5,68,2014-06-28 09:41:10.947933,2015-03-02 11:25:26.09706
146,https://s3-ap-northeast-1.amazonaws.com/files.fabnavi/bighand/pict20140418_102059_0.JPG.jpg,,5,69,2014-06-28 09:41:56.698949,2015-03-02 11:25:26.107081
147,https://s3-ap-northeast-1.amazonaws.com/files.fabnavi/bighand/pict20140418_102139_0.JPG.jpg,,5,70,2014-06-28 09:42:17.543625,2015-03-02 11:25:26.11517
148,https://s3-ap-northeast-1.amazonaws.com/files.fabnavi/bighand/pict20140418_102208_0.JPG.jpg,,5,71,2014-06-28 09:42:43.2326,2015-03-02 11:25:26.121319
150,https://s3-ap-northeast-1.amazonaws.com/files.fabnavi/bighand/pict20140418_102240_0.JPG.jpg,,5,72,2014-06-28 09:43:03.492425,2015-03-02 11:25:26.126298
152,https://s3-ap-northeast-1.amazonaws.com/files.fabnavi/bighand/pict20140418_102308_0.JPG.jpg,,5,73,2014-06-28 09:43:23.410394,2015-03-02 11:25:26.131484
154,https://s3-ap-northeast-1.amazonaws.com/files.fabnavi/bighand/pict20140418_102410_0.JPG.jpg,,5,75,2014-06-28 09:44:07.585287,2015-03-02 11:25:26.141604
156,https://s3-ap-northeast-1.amazonaws.com/files.fabnavi/bighand/pict20140418_102520_0.JPG.jpg,,5,76,2014-06-28 09:44:52.381782,2015-03-02 11:25:26.146705
160,https://s3-ap-northeast-1.amazonaws.com/files.fabnavi/bighand/pict20140418_102619_0.JPG.jpg,,5,77,2014-06-28 09:45:32.147143,2015-03-02 11:25:26.151608
161,https://s3-ap-northeast-1.amazonaws.com/files.fabnavi/bighand/pict20140418_102659_0.JPG.jpg,,5,78,2014-06-28 09:45:46.178888,2015-03-02 11:25:26.15746
162,https://s3-ap-northeast-1.amazonaws.com/files.fabnavi/bighand/pict20140418_102726_0.JPG.jpg,,5,79,2014-06-28 09:45:59.786965,2015-03-02 11:25:26.162522
165,https://s3-ap-northeast-1.amazonaws.com/files.fabnavi/bighand/pict20140418_102837_0.JPG.jpg,,5,80,2014-06-28 09:46:29.712769,2015-03-02 11:25:26.168127
167,https://s3-ap-northeast-1.amazonaws.com/files.fabnavi/bighand/pict20140418_102942_0.JPG.jpg,,5,81,2014-06-28 09:46:55.396167,2015-03-02 11:25:26.173264
155,https://s3-ap-northeast-1.amazonaws.com/files.fabnavi/bighand/pict20140418_102438_0.JPG.jpg,,5,82,2014-06-28 09:44:33.281725,2015-03-02 11:25:26.1784
168,https://s3-ap-northeast-1.amazonaws.com/files.fabnavi/bighand/pict20140418_103018_0.JPG.jpg,,5,83,2014-06-28 09:47:10.683498,2015-03-02 11:25:26.183305
170,https://s3-ap-northeast-1.amazonaws.com/files.fabnavi/bighand/pict20140418_103137_0.JPG.jpg,,5,84,2014-06-28 09:47:42.551679,2015-03-02 11:25:26.188317
173,https://s3-ap-northeast-1.amazonaws.com/files.fabnavi/bighand/pict20140418_103248_0.JPG.jpg,,5,85,2014-06-28 09:48:07.467693,2015-03-02 11:25:26.19333
174,https://s3-ap-northeast-1.amazonaws.com/files.fabnavi/bighand/pict20140418_103316_0.JPG.jpg,,5,86,2014-06-28 09:48:26.81834,2015-03-02 11:25:26.198461
176,https://s3-ap-northeast-1.amazonaws.com/files.fabnavi/bighand/pict20140418_103419_0.JPG.jpg,,5,87,2014-06-28 09:48:56.894333,2015-03-02 11:25:26.204091
158,https://s3-ap-northeast-1.amazonaws.com/files.fabnavi/bighand/pict20140418_102552_0.JPG.jpg,,5,88,2014-06-28 09:45:12.228245,2015-03-02 11:25:26.209298
179,https://s3-ap-northeast-1.amazonaws.com/files.fabnavi/bighand/pict20140418_103521_0.JPG.jpg,,5,89,2014-06-28 09:49:32.326949,2015-03-02 11:25:26.214438
163,https://s3-ap-northeast-1.amazonaws.com/files.fabnavi/bighand/pict20140418_102801_0.JPG.jpg,,5,90,2014-06-28 09:46:16.204543,2015-03-02 11:25:26.219553
166,https://s3-ap-northeast-1.amazonaws.com/files.fabnavi/bighand/pict20140418_102904_0.JPG.jpg,,5,91,2014-06-28 09:46:40.645306,2015-03-02 11:25:26.224678
131,https://s3-ap-northeast-1.amazonaws.com/files.fabnavi/bighand/pict20140418_101435_0.JPG.jpg,,5,92,2014-06-28 09:37:50.955292,2015-03-02 11:25:26.229637
132,https://s3-ap-northeast-1.amazonaws.com/files.fabnavi/bighand/pict20140418_101502_0.JPG.jpg,,5,93,2014-06-28 09:38:17.548383,2015-03-02 11:25:26.234681
169,https://s3-ap-northeast-1.amazonaws.com/files.fabnavi/bighand/pict20140418_103107_0.JPG.jpg,,5,94,2014-06-28 09:47:26.421974,2015-03-02 11:25:26.240906
171,https://s3-ap-northeast-1.amazonaws.com/files.fabnavi/bighand/pict20140418_103208_0.JPG.jpg,,5,95,2014-06-28 09:47:53.665772,2015-03-02 11:25:26.245957
175,https://s3-ap-northeast-1.amazonaws.com/files.fabnavi/bighand/pict20140418_103349_0.JPG.jpg,,5,96,2014-06-28 09:48:42.304468,2015-03-02 11:25:26.251001
178,https://s3-ap-northeast-1.amazonaws.com/files.fabnavi/bighand/pict20140418_103453_0.JPG.jpg,,5,97,2014-06-28 09:49:17.335757,2015-03-02 11:25:26.256091
128,https://s3-ap-northeast-1.amazonaws.com/files.fabnavi/bighand/pict20140418_101357_0.JPG.jpg,,5,98,2014-06-28 09:37:22.536503,2015-03-02 11:25:26.26096
133,https://s3-ap-northeast-1.amazonaws.com/files.fabnavi/bighand/pict20140418_101612_0.JPG.jpg,,5,99,2014-06-28 09:38:47.725949,2015-03-02 11:25:26.266089
180,https://s3-ap-northeast-1.amazonaws.com/files.fabnavi/bighand/pict20140418_103548_0.JPG.jpg,,5,100,2014-06-28 09:49:47.115616,2015-03-02 11:25:26.271795
244,https://s3-ap-northeast-1.amazonaws.com/files.fabnavi/854494000/pict140424_1640390000.JPG,,9,13,2014-06-28 10:34:55.517279,2014-06-28 10:34:55.517279
245,https://s3-ap-northeast-1.amazonaws.com/files.fabnavi/854494000/pict140424_1643440000.JPG,,9,14,2014-06-28 10:36:08.487527,2014-06-28 10:36:08.487527
246,https://s3-ap-northeast-1.amazonaws.com/files.fabnavi/854494000/pict140424_1643580000.JPG,,9,15,2014-06-28 10:38:03.02639,2014-06-28 10:38:03.02639
235,https://s3-ap-northeast-1.amazonaws.com/files.fabnavi/854494000/pict140424_1637230000.JPG,,9,4,2014-06-28 10:11:14.501303,2014-06-28 10:11:14.501303
236,https://s3-ap-northeast-1.amazonaws.com/files.fabnavi/854494000/pict140424_1637480000.JPG,,9,5,2014-06-28 10:12:45.512011,2014-06-28 10:12:45.512011
237,https://s3-ap-northeast-1.amazonaws.com/files.fabnavi/854494000/pict140424_1638030000.JPG,,9,6,2014-06-28 10:13:56.073354,2014-06-28 10:13:56.073354
238,https://s3-ap-northeast-1.amazonaws.com/files.fabnavi/854494000/pict140424_1638160000.JPG,,9,7,2014-06-28 10:15:24.579351,2014-06-28 10:15:24.579351
239,https://s3-ap-northeast-1.amazonaws.com/files.fabnavi/854494000/pict140424_1638450000.JPG,,9,8,2014-06-28 10:16:27.766213,2014-06-28 10:16:27.766213
247,https://s3-ap-northeast-1.amazonaws.com/files.fabnavi/ninja-star/pict140424_2151590000.JPG,,8,13,2014-06-28 10:39:07.711822,2014-06-28 10:39:07.711822
248,https://s3-ap-northeast-1.amazonaws.com/files.fabnavi/854494000/pict140424_1644300000.JPG,,9,16,2014-06-28 10:39:10.713927,2014-06-28 10:39:10.713927
249,https://s3-ap-northeast-1.amazonaws.com/files.fabnavi/ninja-star/pict140424_2152130000.JPG,,8,14,2014-06-28 10:40:40.965411,2014-06-28 10:40:40.965411
250,https://s3-ap-northeast-1.amazonaws.com/files.fabnavi/854494000/pict140424_1644400000.JPG,,9,17,2014-06-28 10:40:45.943035,2014-06-28 10:40:45.943035
199,https://s3-ap-northeast-1.amazonaws.com/files.fabnavi/bighand/pict20140418_105147_0.JPG.jpg,,5,3,2014-06-28 09:53:48.818279,2015-03-02 11:25:25.643281
200,https://s3-ap-northeast-1.amazonaws.com/files.fabnavi/bighand/pict20140418_105235_0.JPG.jpg,,5,4,2014-06-28 09:54:01.048762,2015-03-02 11:25:25.648633
201,https://s3-ap-northeast-1.amazonaws.com/files.fabnavi/bighand/pict20140418_105320_0.JPG.jpg,,5,5,2014-06-28 09:54:18.667009,2015-03-02 11:25:25.653937
202,https://s3-ap-northeast-1.amazonaws.com/files.fabnavi/bighand/pict20140418_105407_0.JPG.jpg,,5,6,2014-06-28 09:54:31.580857,2015-03-02 11:25:25.659394
203,https://s3-ap-northeast-1.amazonaws.com/files.fabnavi/bighand/pict20140418_105443_0.JPG.jpg,,5,7,2014-06-28 09:54:41.742323,2015-03-02 11:25:25.664522
204,https://s3-ap-northeast-1.amazonaws.com/files.fabnavi/bighand/pict20140418_105517_0.JPG.jpg,,5,8,2014-06-28 09:54:52.362929,2015-03-02 11:25:25.670799
205,https://s3-ap-northeast-1.amazonaws.com/files.fabnavi/bighand/pict20140418_105547_0.JPG.jpg,,5,9,2014-06-28 09:55:02.779434,2015-03-02 11:25:25.68138
207,https://s3-ap-northeast-1.amazonaws.com/files.fabnavi/bighand/pict20140418_105735_0.JPG.jpg,,5,11,2014-06-28 09:55:21.351448,2015-03-02 11:25:25.695009
208,https://s3-ap-northeast-1.amazonaws.com/files.fabnavi/bighand/pict20140418_105811_0.JPG.jpg,,5,12,2014-06-28 09:55:31.827699,2015-03-02 11:25:25.702626
209,https://s3-ap-northeast-1.amazonaws.com/files.fabnavi/bighand/pict20140418_105942_0.JPG.jpg,,5,13,2014-06-28 09:55:42.226319,2015-03-02 11:25:25.709571
210,https://s3-ap-northeast-1.amazonaws.com/files.fabnavi/bighand/pict20140418_110018_0.JPG.jpg,,5,14,2014-06-28 09:55:54.36841,2015-03-02 11:25:25.714549
211,https://s3-ap-northeast-1.amazonaws.com/files.fabnavi/bighand/pict20140418_110129_0.JPG.jpg,,5,15,2014-06-28 09:56:06.192697,2015-03-02 11:25:25.720394
212,https://s3-ap-northeast-1.amazonaws.com/files.fabnavi/bighand/pict20140418_110203_0.JPG.jpg,,5,16,2014-06-28 09:56:17.454022,2015-03-02 11:25:25.759733
213,https://s3-ap-northeast-1.amazonaws.com/files.fabnavi/bighand/pict20140418_110312_0.JPG.jpg,,5,17,2014-06-28 09:56:26.464514,2015-03-02 11:25:25.768027
214,https://s3-ap-northeast-1.amazonaws.com/files.fabnavi/bighand/pict20140418_110339_0.JPG.jpg,,5,18,2014-06-28 09:56:39.080442,2015-03-02 11:25:25.774206
215,https://s3-ap-northeast-1.amazonaws.com/files.fabnavi/bighand/pict20140418_110436_0.JPG.jpg,,5,19,2014-06-28 09:56:47.899437,2015-03-02 11:25:25.779781
216,https://s3-ap-northeast-1.amazonaws.com/files.fabnavi/bighand/pict20140418_110606_0.JPG.jpg,,5,20,2014-06-28 09:56:56.418901,2015-03-02 11:25:25.784948
217,https://s3-ap-northeast-1.amazonaws.com/files.fabnavi/bighand/pict20140418_110650_0.JPG.jpg,,5,21,2014-06-28 09:57:08.449167,2015-03-02 11:25:25.790051
218,https://s3-ap-northeast-1.amazonaws.com/files.fabnavi/bighand/pict20140418_111242_0.JPG.jpg,,5,22,2014-06-28 09:57:17.506496,2015-03-02 11:25:25.795451
219,https://s3-ap-northeast-1.amazonaws.com/files.fabnavi/bighand/pict20140418_111334_0.JPG.jpg,,5,23,2014-06-28 09:57:26.178435,2015-03-02 11:25:25.800722
220,https://s3-ap-northeast-1.amazonaws.com/files.fabnavi/bighand/pict20140418_111420_0.JPG.jpg,,5,24,2014-06-28 09:57:37.801144,2015-03-02 11:25:25.805974
222,https://s3-ap-northeast-1.amazonaws.com/files.fabnavi/bighand/pict20140418_111929_0.JPG.jpg,,5,25,2014-06-28 09:58:01.176496,2015-03-02 11:25:25.813542
224,https://s3-ap-northeast-1.amazonaws.com/files.fabnavi/bighand/pict20140418_112055_0.JPG.jpg,,5,26,2014-06-28 09:58:17.770749,2015-03-02 11:25:25.824213
226,https://s3-ap-northeast-1.amazonaws.com/files.fabnavi/bighand/pict20140418_112210_0.JPG.jpg,,5,27,2014-06-28 09:58:37.687878,2015-03-02 11:25:25.832445
228,https://s3-ap-northeast-1.amazonaws.com/files.fabnavi/bighand/pict20140418_112324_0.JPG.jpg,,5,28,2014-06-28 09:58:57.98642,2015-03-02 11:25:25.840471
230,https://s3-ap-northeast-1.amazonaws.com/files.fabnavi/bighand/pict20140418_112644_0.JPG.jpg,,5,29,2014-06-28 09:59:18.909536,2015-03-02 11:25:25.847442
232,https://s3-ap-northeast-1.amazonaws.com/files.fabnavi/bighand/pict20140418_112739_0.JPG.jpg,,5,30,2014-06-28 09:59:39.745499,2015-03-02 11:25:25.852738
234,https://s3-ap-northeast-1.amazonaws.com/files.fabnavi/bighand/pict20140418_112846_0.JPG.jpg,,5,31,2014-06-28 10:00:02.742023,2015-03-02 11:25:25.858163
221,https://s3-ap-northeast-1.amazonaws.com/files.fabnavi/bighand/pict20140418_111505_0.JPG.jpg,,5,32,2014-06-28 09:57:47.411782,2015-03-02 11:25:25.867591
182,https://s3-ap-northeast-1.amazonaws.com/files.fabnavi/bighand/pict20140418_103656_0.JPG.jpg,,5,101,2014-06-28 09:50:18.818275,2015-03-02 11:25:26.280015
184,https://s3-ap-northeast-1.amazonaws.com/files.fabnavi/bighand/pict20140418_103731_0.JPG.jpg,,5,102,2014-06-28 09:50:32.064024,2015-03-02 11:25:26.285388
185,https://s3-ap-northeast-1.amazonaws.com/files.fabnavi/bighand/pict20140418_104206_0.JPG.jpg,,5,103,2014-06-28 09:50:47.200062,2015-03-02 11:25:26.290453
186,https://s3-ap-northeast-1.amazonaws.com/files.fabnavi/bighand/pict20140418_104256_0.JPG.jpg,,5,104,2014-06-28 09:51:03.176659,2015-03-02 11:25:26.295684
187,https://s3-ap-northeast-1.amazonaws.com/files.fabnavi/bighand/pict20140418_104407_0.JPG.jpg,,5,105,2014-06-28 09:51:17.920808,2015-03-02 11:25:26.300819
188,https://s3-ap-northeast-1.amazonaws.com/files.fabnavi/bighand/pict20140418_104523_0.JPG.jpg,,5,106,2014-06-28 09:51:33.939239,2015-03-02 11:25:26.305721
190,https://s3-ap-northeast-1.amazonaws.com/files.fabnavi/bighand/pict20140418_104614_0.JPG.jpg,,5,107,2014-06-28 09:51:44.774751,2015-03-02 11:25:26.310823
192,https://s3-ap-northeast-1.amazonaws.com/files.fabnavi/bighand/pict20140418_104732_0.JPG.jpg,,5,108,2014-06-28 09:52:12.681984,2015-03-02 11:25:26.321004
193,https://s3-ap-northeast-1.amazonaws.com/files.fabnavi/bighand/pict20140418_104837_0.JPG.jpg,,5,109,2014-06-28 09:52:26.220969,2015-03-02 11:25:26.328403
194,https://s3-ap-northeast-1.amazonaws.com/files.fabnavi/bighand/pict20140418_104903_0.JPG.jpg,,5,110,2014-06-28 09:52:42.939091,2015-03-02 11:25:26.333734
195,https://s3-ap-northeast-1.amazonaws.com/files.fabnavi/bighand/pict20140418_104949_0.JPG.jpg,,5,111,2014-06-28 09:53:06.461445,2015-03-02 11:25:26.338625
197,https://s3-ap-northeast-1.amazonaws.com/files.fabnavi/bighand/pict20140418_105023_0.JPG.jpg,,5,112,2014-06-28 09:53:16.611567,2015-03-02 11:25:26.344141
251,https://s3-ap-northeast-1.amazonaws.com/files.fabnavi/ninja-star/pict140424_2152230000.JPG,,8,15,2014-06-28 10:42:11.21867,2014-06-28 10:42:11.21867
252,https://s3-ap-northeast-1.amazonaws.com/files.fabnavi/854494000/pict140424_1752340000.JPG,,9,18,2014-06-28 10:42:20.419478,2014-06-28 10:42:20.419478
253,https://s3-ap-northeast-1.amazonaws.com/files.fabnavi/854494000/pict140424_1754570000.JPG,,9,19,2014-06-28 10:43:40.75131,2014-06-28 10:43:40.75131
254,https://s3-ap-northeast-1.amazonaws.com/files.fabnavi/ninja-star/pict140424_2152320000.JPG,,8,16,2014-06-28 10:43:51.588556,2014-06-28 10:43:51.588556
255,https://s3-ap-northeast-1.amazonaws.com/files.fabnavi/854494000/pict140424_1646280000.JPG,,9,20,2014-06-28 10:45:02.782833,2014-06-28 10:45:02.782833
256,https://s3-ap-northeast-1.amazonaws.com/files.fabnavi/ninja-star/pict140424_2152410000.JPG,,8,17,2014-06-28 10:45:21.047833,2014-06-28 10:45:21.047833
257,https://s3-ap-northeast-1.amazonaws.com/files.fabnavi/854494000/pict140424_1648290000.JPG,,9,21,2014-06-28 10:46:24.375943,2014-06-28 10:46:24.375943
258,https://s3-ap-northeast-1.amazonaws.com/files.fabnavi/ninja-star/pict140424_2152550000.JPG,,8,18,2014-06-28 10:46:34.793426,2014-06-28 10:46:34.793426
259,https://s3-ap-northeast-1.amazonaws.com/files.fabnavi/854494000/pict140424_1648430000.JPG,,9,22,2014-06-28 10:47:41.829895,2014-06-28 10:47:41.829895
260,https://s3-ap-northeast-1.amazonaws.com/files.fabnavi/ninja-star/pict140424_2153070000.JPG,,8,19,2014-06-28 10:48:01.533463,2014-06-28 10:48:01.533463
261,https://s3-ap-northeast-1.amazonaws.com/files.fabnavi/ninja-star/pict140424_2153300000.JPG,,8,20,2014-06-28 10:49:12.81715,2014-06-28 10:49:12.81715
262,https://s3-ap-northeast-1.amazonaws.com/files.fabnavi/854494000/pict140424_1648590000.JPG,,9,23,2014-06-28 10:49:15.05455,2014-06-28 10:49:15.05455
263,https://s3-ap-northeast-1.amazonaws.com/files.fabnavi/854494000/pict140424_1649180000.JPG,,9,24,2014-06-28 10:50:23.396654,2014-06-28 10:50:23.396654
264,https://s3-ap-northeast-1.amazonaws.com/files.fabnavi/ninja-star/pict140424_2153490000.JPG,,8,21,2014-06-28 10:50:41.539753,2014-06-28 10:50:41.539753
265,https://s3-ap-northeast-1.amazonaws.com/files.fabnavi/854494000/pict140424_1650000000.JPG,,9,25,2014-06-28 10:51:45.425325,2014-06-28 10:51:45.425325
266,https://s3-ap-northeast-1.amazonaws.com/files.fabnavi/ninja-star/pict140424_2154160000.JPG,,8,22,2014-06-28 10:51:54.539093,2014-06-28 10:51:54.539093
267,https://s3-ap-northeast-1.amazonaws.com/files.fabnavi/854494000/pict140424_1650210000.JPG,,9,26,2014-06-28 10:53:02.476689,2014-06-28 10:53:02.476689
268,https://s3-ap-northeast-1.amazonaws.com/files.fabnavi/ninja-star/pict140424_2154330000.JPG,,8,23,2014-06-28 10:53:27.372661,2014-06-28 10:53:27.372661
269,https://s3-ap-northeast-1.amazonaws.com/files.fabnavi/854494000/pict140424_1651350000.JPG,,9,27,2014-06-28 10:53:55.015254,2014-06-28 10:53:55.015254
270,https://s3-ap-northeast-1.amazonaws.com/files.fabnavi/854494000/pict140424_1651500000.JPG,,9,28,2014-06-28 10:55:07.925383,2014-06-28 10:55:07.925383
271,https://s3-ap-northeast-1.amazonaws.com/files.fabnavi/ninja-star/pict140424_2154480000.JPG,,8,24,2014-06-28 10:55:10.216153,2014-06-28 10:55:10.216153
272,https://s3-ap-northeast-1.amazonaws.com/files.fabnavi/854494000/pict140424_1652030000.JPG,,9,29,2014-06-28 10:56:14.428182,2014-06-28 10:56:14.428182
273,https://s3-ap-northeast-1.amazonaws.com/files.fabnavi/ninja-star/pict140424_2155050000.JPG,,8,25,2014-06-28 10:56:46.457466,2014-06-28 10:56:46.457466
274,https://s3-ap-northeast-1.amazonaws.com/files.fabnavi/854494000/pict140424_1652220000.JPG,,9,30,2014-06-28 10:57:16.094779,2014-06-28 10:57:16.094779
275,https://s3-ap-northeast-1.amazonaws.com/files.fabnavi/ninja-star/pict140424_2155170000.JPG,,8,26,2014-06-28 10:58:13.862751,2014-06-28 10:58:13.862751
276,https://s3-ap-northeast-1.amazonaws.com/files.fabnavi/854494000/pict140424_1652460000.JPG,,9,31,2014-06-28 10:58:44.870819,2014-06-28 10:58:44.870819
277,https://s3-ap-northeast-1.amazonaws.com/files.fabnavi/ninja-star/pict140424_2155380000.JPG,,8,27,2014-06-28 10:59:41.158719,2014-06-28 10:59:41.158719
278,https://s3-ap-northeast-1.amazonaws.com/files.fabnavi/854494000/pict140424_1652590000.JPG,,9,32,2014-06-28 10:59:50.686942,2014-06-28 10:59:50.686942
279,https://s3-ap-northeast-1.amazonaws.com/files.fabnavi/ninja-star/pict140424_2155480000.JPG,,8,28,2014-06-28 11:01:12.725609,2014-06-28 11:01:12.725609
280,https://s3-ap-northeast-1.amazonaws.com/files.fabnavi/854494000/pict140424_1653390000.JPG,,9,33,2014-06-28 11:01:20.357782,2014-06-28 11:01:20.357782
281,https://s3-ap-northeast-1.amazonaws.com/files.fabnavi/ninja-star/pict140424_2156300000.JPG,,8,29,2014-06-28 11:02:36.067507,2014-06-28 11:02:36.067507
282,https://s3-ap-northeast-1.amazonaws.com/files.fabnavi/854494000/pict140424_1654130000.JPG,,9,34,2014-06-28 11:02:39.756954,2014-06-28 11:02:39.756954
283,https://s3-ap-northeast-1.amazonaws.com/files.fabnavi/854494000/pict140424_1654380000.JPG,,9,35,2014-06-28 11:04:28.109764,2014-06-28 11:04:28.109764
284,https://s3-ap-northeast-1.amazonaws.com/files.fabnavi/ninja-star/pict140424_2158250000.JPG,,8,30,2014-06-28 11:04:33.806088,2014-06-28 11:04:33.806088
285,https://s3-ap-northeast-1.amazonaws.com/files.fabnavi/854494000/pict140424_1757560000.JPG,,9,36,2014-06-28 11:05:32.501226,2014-06-28 11:05:32.501226
286,https://s3-ap-northeast-1.amazonaws.com/files.fabnavi/ninja-star/pict140424_2158540000.JPG,,8,31,2014-06-28 11:06:11.204798,2014-06-28 11:06:11.204798
287,https://s3-ap-northeast-1.amazonaws.com/files.fabnavi/854494000/pict140424_1655240000.JPG,,9,37,2014-06-28 11:06:56.416351,2014-06-28 11:06:56.416351
288,https://s3-ap-northeast-1.amazonaws.com/files.fabnavi/ninja-star/pict140424_2159300000.JPG,,8,32,2014-06-28 11:07:37.307924,2014-06-28 11:07:37.307924
289,https://s3-ap-northeast-1.amazonaws.com/files.fabnavi/854494000/pict140424_1655580000.JPG,,9,38,2014-06-28 11:08:12.382511,2014-06-28 11:08:12.382511
290,https://s3-ap-northeast-1.amazonaws.com/files.fabnavi/ninja-star/pict140424_2159450000.JPG,,8,33,2014-06-28 11:08:46.891282,2014-06-28 11:08:46.891282
292,https://s3-ap-northeast-1.amazonaws.com/files.fabnavi/ninja-star/pict140424_2200110000.JPG,,8,34,2014-06-28 11:10:13.644146,2014-06-28 11:10:13.644146
294,https://s3-ap-northeast-1.amazonaws.com/files.fabnavi/ninja-star/pict140424_2200340000.JPG,,8,35,2014-06-28 11:11:54.917339,2014-06-28 11:11:54.917339
296,https://s3-ap-northeast-1.amazonaws.com/files.fabnavi/ninja-star/pict140424_2201110000.JPG,,8,36,2014-06-28 11:13:19.009335,2014-06-28 11:13:19.009335
298,https://s3-ap-northeast-1.amazonaws.com/files.fabnavi/854494000/pict140424_1659550000.JPG,,9,43,2014-06-28 11:14:34.752252,2014-06-28 11:14:34.752252
300,https://s3-ap-northeast-1.amazonaws.com/files.fabnavi/854494000/pict140424_1700120000.JPG,,9,44,2014-06-28 11:15:32.00273,2014-06-28 11:15:32.00273
302,https://s3-ap-northeast-1.amazonaws.com/files.fabnavi/854494000/pict140424_1700440000.JPG,,9,45,2014-06-28 11:17:02.361292,2014-06-28 11:17:02.361292
304,https://s3-ap-northeast-1.amazonaws.com/files.fabnavi/854494000/pict140424_1701140000.JPG,,9,46,2014-06-28 11:18:03.142982,2014-06-28 11:18:03.142982
306,https://s3-ap-northeast-1.amazonaws.com/files.fabnavi/ninja-star/pict140424_2206220000.JPG,,8,40,2014-06-28 11:19:26.035262,2014-06-28 11:19:26.035262
308,https://s3-ap-northeast-1.amazonaws.com/files.fabnavi/ninja-star/pict140424_2206290000.JPG,,8,41,2014-06-28 11:20:59.497532,2014-06-28 11:20:59.497532
310,https://s3-ap-northeast-1.amazonaws.com/files.fabnavi/ninja-star/pict140424_2206470000.JPG,,8,42,2014-06-28 11:22:43.725441,2014-06-28 11:22:43.725441
227,https://s3-ap-northeast-1.amazonaws.com/files.fabnavi/bighand/pict20140418_112243_0.JPG.jpg,,5,34,2014-06-28 09:58:45.927097,2015-03-02 11:25:25.884983
229,https://s3-ap-northeast-1.amazonaws.com/files.fabnavi/bighand/pict20140418_112416_0.JPG.jpg,,5,35,2014-06-28 09:59:07.966444,2015-03-02 11:25:25.892807
231,https://s3-ap-northeast-1.amazonaws.com/files.fabnavi/bighand/pict20140418_112712_0.JPG.jpg,,5,36,2014-06-28 09:59:27.521907,2015-03-02 11:25:25.898479
233,https://s3-ap-northeast-1.amazonaws.com/files.fabnavi/bighand/pict20140418_112808_0.JPG.jpg,,5,37,2014-06-28 09:59:51.412479,2015-03-02 11:25:25.910569
312,https://s3-ap-northeast-1.amazonaws.com/files.fabnavi/854494000/pict140424_1704150000.JPG,,9,51,2014-06-28 11:24:03.732423,2014-06-28 11:24:03.732423
314,https://s3-ap-northeast-1.amazonaws.com/files.fabnavi/ninja-star/pict140424_2207160000.JPG,,8,44,2014-06-28 11:25:45.896882,2014-06-28 11:25:45.896882
316,https://s3-ap-northeast-1.amazonaws.com/files.fabnavi/854494000/pict140424_1705220000.JPG,,9,53,2014-06-28 11:27:23.198281,2014-06-28 11:27:23.198281
318,https://s3-ap-northeast-1.amazonaws.com/files.fabnavi/854494000/pict140424_1705420000.JPG,,9,54,2014-06-28 11:29:02.755645,2014-06-28 11:29:02.755645
320,https://s3-ap-northeast-1.amazonaws.com/files.fabnavi/854494000/pict140424_1706130000.JPG,,9,55,2014-06-28 11:30:26.722433,2014-06-28 11:30:26.722433
322,https://s3-ap-northeast-1.amazonaws.com/files.fabnavi/854494000/pict140424_1706270000.JPG,,9,56,2014-06-28 11:31:51.120095,2014-06-28 11:31:51.120095
324,https://s3-ap-northeast-1.amazonaws.com/files.fabnavi/854494000/pict140424_1706440000.JPG,,9,57,2014-06-28 11:33:15.024706,2014-06-28 11:33:15.024706
291,https://s3-ap-northeast-1.amazonaws.com/files.fabnavi/854494000/pict140424_1656120000.JPG,,9,39,2014-06-28 11:09:42.34576,2014-06-28 11:09:42.34576
293,https://s3-ap-northeast-1.amazonaws.com/files.fabnavi/854494000/pict140424_1657330000.JPG,,9,40,2014-06-28 11:10:47.809493,2014-06-28 11:10:47.809493
295,https://s3-ap-northeast-1.amazonaws.com/files.fabnavi/854494000/pict140424_1658510000.JPG,,9,41,2014-06-28 11:12:04.933657,2014-06-28 11:12:04.933657
297,https://s3-ap-northeast-1.amazonaws.com/files.fabnavi/854494000/pict140424_1659330000.JPG,,9,42,2014-06-28 11:13:20.748591,2014-06-28 11:13:20.748591
299,https://s3-ap-northeast-1.amazonaws.com/files.fabnavi/ninja-star/pict140424_2201430000.JPG,,8,37,2014-06-28 11:14:55.515128,2014-06-28 11:14:55.515128
301,https://s3-ap-northeast-1.amazonaws.com/files.fabnavi/ninja-star/pict140424_2205330000.JPG,,8,38,2014-06-28 11:16:23.811603,2014-06-28 11:16:23.811603
303,https://s3-ap-northeast-1.amazonaws.com/files.fabnavi/ninja-star/pict140424_2205530000.JPG,,8,39,2014-06-28 11:17:56.92802,2014-06-28 11:17:56.92802
305,https://s3-ap-northeast-1.amazonaws.com/files.fabnavi/854494000/pict140424_1701240000.JPG,,9,47,2014-06-28 11:19:17.363616,2014-06-28 11:19:17.363616
307,https://s3-ap-northeast-1.amazonaws.com/files.fabnavi/854494000/pict140424_1703140000.JPG,,9,48,2014-06-28 11:20:21.737731,2014-06-28 11:20:21.737731
309,https://s3-ap-northeast-1.amazonaws.com/files.fabnavi/854494000/pict140424_1703370000.JPG,,9,49,2014-06-28 11:21:43.326906,2014-06-28 11:21:43.326906
311,https://s3-ap-northeast-1.amazonaws.com/files.fabnavi/854494000/pict140424_1704000000.JPG,,9,50,2014-06-28 11:22:52.215793,2014-06-28 11:22:52.215793
313,https://s3-ap-northeast-1.amazonaws.com/files.fabnavi/ninja-star/pict140424_2206560000.JPG,,8,43,2014-06-28 11:24:09.402426,2014-06-28 11:24:09.402426
315,https://s3-ap-northeast-1.amazonaws.com/files.fabnavi/854494000/pict140424_1704510000.JPG,,9,52,2014-06-28 11:25:50.773295,2014-06-28 11:25:50.773295
317,https://s3-ap-northeast-1.amazonaws.com/files.fabnavi/ninja-star/pict140424_2207260000.JPG,,8,45,2014-06-28 11:27:26.749134,2014-06-28 11:27:26.749134
319,https://s3-ap-northeast-1.amazonaws.com/files.fabnavi/ninja-star/pict140424_2207460000.JPG,,8,46,2014-06-28 11:29:03.93304,2014-06-28 11:29:03.93304
321,https://s3-ap-northeast-1.amazonaws.com/files.fabnavi/ninja-star/pict140424_2208090000.JPG,,8,47,2014-06-28 11:30:40.972619,2014-06-28 11:30:40.972619
323,https://s3-ap-northeast-1.amazonaws.com/files.fabnavi/ninja-star/pict140424_2208230000.JPG,,8,48,2014-06-28 11:32:09.948867,2014-06-28 11:32:09.948867
325,https://s3-ap-northeast-1.amazonaws.com/files.fabnavi/ninja-star/pict140424_2208560000.JPG,,8,49,2014-06-28 11:33:37.572507,2014-06-28 11:33:37.572507
326,https://s3-ap-northeast-1.amazonaws.com/files.fabnavi/854494000/pict140424_1717250000.JPG,,9,58,2014-06-28 11:34:31.954924,2014-06-28 11:34:31.954924
327,https://s3-ap-northeast-1.amazonaws.com/files.fabnavi/ninja-star/pict140424_2209280000.JPG,,8,50,2014-06-28 11:35:05.470827,2014-06-28 11:35:05.470827
328,https://s3-ap-northeast-1.amazonaws.com/files.fabnavi/854494000/pict140424_1717430000.JPG,,9,59,2014-06-28 11:35:35.014268,2014-06-28 11:35:35.014268
329,https://s3-ap-northeast-1.amazonaws.com/files.fabnavi/854494000/pict140424_1717510000.JPG,,9,60,2014-06-28 11:36:22.205515,2014-06-28 11:36:22.205515
330,https://s3-ap-northeast-1.amazonaws.com/files.fabnavi/854494000/pict140424_1718010000.JPG,,9,61,2014-06-28 11:37:22.466283,2014-06-28 11:37:22.466283
331,https://s3-ap-northeast-1.amazonaws.com/files.fabnavi/854494000/pict140424_1718130000.JPG,,9,62,2014-06-28 11:38:05.144827,2014-06-28 11:38:05.144827
332,https://s3-ap-northeast-1.amazonaws.com/files.fabnavi/854494000/pict140424_1718270000.JPG,,9,63,2014-06-28 11:39:01.09714,2014-06-28 11:39:01.09714
333,https://s3-ap-northeast-1.amazonaws.com/files.fabnavi/854494000/pict140424_1718410000.JPG,,9,64,2014-06-28 11:39:43.326631,2014-06-28 11:39:43.326631
334,https://s3-ap-northeast-1.amazonaws.com/files.fabnavi/854494000/pict140424_1718470000.JPG,,9,65,2014-06-28 11:40:38.562171,2014-06-28 11:40:38.562171
335,https://s3-ap-northeast-1.amazonaws.com/files.fabnavi/854494000/pict140424_1718560000.JPG,,9,66,2014-06-28 11:41:28.29783,2014-06-28 11:41:28.29783
336,https://s3-ap-northeast-1.amazonaws.com/files.fabnavi/854494000/pict140424_1729070000.JPG,,9,67,2014-06-28 11:42:24.770362,2014-06-28 11:42:24.770362
337,https://s3-ap-northeast-1.amazonaws.com/files.fabnavi/854494000/pict140424_1729450000.JPG,,9,68,2014-06-28 11:43:12.040974,2014-06-28 11:43:12.040974
338,https://s3-ap-northeast-1.amazonaws.com/files.fabnavi/854494000/pict140424_1729580000.JPG,,9,69,2014-06-28 11:44:06.794709,2014-06-28 11:44:06.794709
339,https://s3-ap-northeast-1.amazonaws.com/files.fabnavi/854494000/pict140424_1730450000.JPG,,9,70,2014-06-28 11:44:55.523577,2014-06-28 11:44:55.523577
17,https://s3-ap-northeast-1.amazonaws.com/files.fabnavi/namePlate/pict140424_1956000000.JPG,https://s3-ap-northeast-1.amazonaws.com/files.fabnavi/namePlate/pict140424_1956000000.JPG,4,1,2014-06-28 09:12:10.905246,2014-06-30 04:01:53.364899
111,https://s3-ap-northeast-1.amazonaws.com/files.fabnavi/ninja-star/pict140424_2143400000.JPG,https://s3-ap-northeast-1.amazonaws.com/files.fabnavi/ninja-star/pict140424_2143400000.JPG,8,1,2014-06-28 09:32:07.00133,2014-06-30 04:03:16.18231
340,https://s3-ap-northeast-1.amazonaws.com/files.fabnavi/Donkey Cart/pict140701_1717570000.JPG,https://s3-ap-northeast-1.amazonaws.com/files.fabnavi/Donkey Cart/pict140701_1717570000_thumbnail.JPG,17,1,2014-07-01 08:17:24.131431,2014-07-01 08:17:24.131431
341,https://s3-ap-northeast-1.amazonaws.com/files.fabnavi/Donkey Cart/pict140701_1718090000.JPG,https://s3-ap-northeast-1.amazonaws.com/files.fabnavi/Donkey Cart/pict140701_1718090000_thumbnail.JPG,17,1,2014-07-01 08:17:33.610201,2014-07-01 08:20:07.008519
342,https://s3-ap-northeast-1.amazonaws.com/files.fabnavi/Donkey Cart/pict140701_1718280000.JPG,https://s3-ap-northeast-1.amazonaws.com/files.fabnavi/Donkey Cart/pict140701_1718280000_thumbnail.JPG,17,1,2014-07-01 08:17:53.35879,2014-07-01 08:20:09.952368
343,https://s3-ap-northeast-1.amazonaws.com/files.fabnavi/Donkey Cart/pict140701_1735540000.JPG,https://s3-ap-northeast-1.amazonaws.com/files.fabnavi/Donkey Cart/pict140701_1735540000_thumbnail.JPG,18,1,2014-07-01 08:35:20.107608,2014-07-01 08:35:20.107608
344,https://s3-ap-northeast-1.amazonaws.com/files.fabnavi/Donkey Cart/pict140701_1736050000.JPG,https://s3-ap-northeast-1.amazonaws.com/files.fabnavi/Donkey Cart/pict140701_1736050000_thumbnail.JPG,18,1,2014-07-01 08:35:29.247826,2014-07-01 08:44:10.026219
346,https://s3-ap-northeast-1.amazonaws.com/files.fabnavi/Donkey Cart/pict140701_1744090000.JPG,https://s3-ap-northeast-1.amazonaws.com/files.fabnavi/Donkey Cart/pict140701_1744090000_thumbnail.JPG,18,2,2014-07-01 08:43:34.821306,2014-07-01 08:44:46.5199
345,https://s3-ap-northeast-1.amazonaws.com/files.fabnavi/Donkey Cart/pict140701_1742590000.JPG,https://s3-ap-northeast-1.amazonaws.com/files.fabnavi/Donkey Cart/pict140701_1742590000_thumbnail.JPG,18,3,2014-07-01 08:42:25.070992,2014-07-01 08:44:46.53793
347,https://s3-ap-northeast-1.amazonaws.com/files.fabnavi/Donkey Cart/pict140701_1747390000.JPG,https://s3-ap-northeast-1.amazonaws.com/files.fabnavi/Donkey Cart/pict140701_1747390000_thumbnail.JPG,19,1,2014-07-01 08:47:04.959823,2014-07-01 08:47:04.959823
348,https://s3-ap-northeast-1.amazonaws.com/files.fabnavi/Donkey Cart/pict140701_1759310000.JPG,https://s3-ap-northeast-1.amazonaws.com/files.fabnavi/Donkey Cart/pict140701_1759310000_thumbnail.JPG,19,3,2014-07-01 08:58:55.383683,2014-07-01 09:08:01.174107
350,https://s3-ap-northeast-1.amazonaws.com/files.fabnavi/Donkey Cart/pict140701_1808330000.JPG,https://s3-ap-northeast-1.amazonaws.com/files.fabnavi/Donkey Cart/pict140701_1808330000_thumbnail.JPG,19,2,2014-07-01 09:07:55.417513,2014-07-01 09:07:55.417513
349,https://s3-ap-northeast-1.amazonaws.com/files.fabnavi/Donkey Cart/pict140701_1806510000.JPG,https://s3-ap-northeast-1.amazonaws.com/files.fabnavi/Donkey Cart/pict140701_1806510000_thumbnail.JPG,19,2,2014-07-01 09:06:14.863069,2014-07-01 09:08:01.155542
351,https://s3-ap-northeast-1.amazonaws.com/files.fabnavi/okitest/pict140701_1810340000.JPG,https://s3-ap-northeast-1.amazonaws.com/files.fabnavi/okitest/pict140701_1810340000_thumbnail.JPG,21,1,2014-07-01 09:09:57.033726,2014-07-01 09:09:57.033726
352,https://s3-ap-northeast-1.amazonaws.com/files.fabnavi/okitest/pict140701_1812390000.JPG,https://s3-ap-northeast-1.amazonaws.com/files.fabnavi/okitest/pict140701_1812390000_thumbnail.JPG,21,2,2014-07-01 09:12:02.538068,2014-07-01 09:12:02.538068
353,https://s3-ap-northeast-1.amazonaws.com/files.fabnavi/okitest/pict140701_1813500000.JPG,https://s3-ap-northeast-1.amazonaws.com/files.fabnavi/okitest/pict140701_1813500000_thumbnail.JPG,21,3,2014-07-01 09:13:12.258213,2014-07-01 09:13:12.258213
354,https://s3-ap-northeast-1.amazonaws.com/files.fabnavi/okitest/pict140701_1814480000.JPG,https://s3-ap-northeast-1.amazonaws.com/files.fabnavi/okitest/pict140701_1814480000_thumbnail.JPG,21,4,2014-07-01 09:14:11.659407,2014-07-01 09:14:11.659407
355,https://s3-ap-northeast-1.amazonaws.com/files.fabnavi/okitest/pict140701_1815010000.JPG,https://s3-ap-northeast-1.amazonaws.com/files.fabnavi/okitest/pict140701_1815010000_thumbnail.JPG,21,5,2014-07-01 09:14:26.740809,2014-07-01 09:14:26.740809
356,https://s3-ap-northeast-1.amazonaws.com/files.fabnavi/hrl7sProj/pict130101_2001510000.JPG,https://s3-ap-northeast-1.amazonaws.com/files.fabnavi/hrl7sProj/pict130101_2001510000_thumbnail.JPG,20,1,2014-07-01 09:17:33.458682,2014-07-01 09:17:33.458682
358,https://s3-ap-northeast-1.amazonaws.com/files.fabnavi/okitest/pict140701_1818530000.JPG,https://s3-ap-northeast-1.amazonaws.com/files.fabnavi/okitest/pict140701_1818530000_thumbnail.JPG,21,6,2014-07-01 09:18:17.427886,2014-07-01 09:18:17.427886
360,https://s3-ap-northeast-1.amazonaws.com/files.fabnavi/okitest/pict140701_1820030000.JPG,https://s3-ap-northeast-1.amazonaws.com/files.fabnavi/okitest/pict140701_1820030000_thumbnail.JPG,21,7,2014-07-01 09:19:27.868419,2014-07-01 09:19:27.868419
357,https://s3-ap-northeast-1.amazonaws.com/files.fabnavi/hrl7sProj/pict130101_2002190000.JPG,https://s3-ap-northeast-1.amazonaws.com/files.fabnavi/hrl7sProj/pict130101_2002190000_thumbnail.JPG,20,3,2014-07-01 09:18:04.90551,2014-07-01 09:19:31.373696
359,https://s3-ap-northeast-1.amazonaws.com/files.fabnavi/hrl7sProj/pict130101_2002480000.JPG,https://s3-ap-northeast-1.amazonaws.com/files.fabnavi/hrl7sProj/pict130101_2002480000_thumbnail.JPG,20,4,2014-07-01 09:18:34.240906,2014-07-01 09:19:31.389494
361,https://s3-ap-northeast-1.amazonaws.com/files.fabnavi/hrl7sProj/pict130101_2003490000.JPG,https://s3-ap-northeast-1.amazonaws.com/files.fabnavi/hrl7sProj/pict130101_2003490000_thumbnail.JPG,20,2,2014-07-01 09:19:36.08774,2014-07-01 09:19:36.08774
362,https://s3-ap-northeast-1.amazonaws.com/files.fabnavi/hrl7sProj/pict130101_2005140000.JPG,https://s3-ap-northeast-1.amazonaws.com/files.fabnavi/hrl7sProj/pict130101_2005140000_thumbnail.JPG,20,5,2014-07-01 09:21:01.53477,2014-07-01 09:21:01.53477
363,https://s3-ap-northeast-1.amazonaws.com/files.fabnavi/okitest/pict140701_1823130000.JPG,https://s3-ap-northeast-1.amazonaws.com/files.fabnavi/okitest/pict140701_1823130000_thumbnail.JPG,21,8,2014-07-01 09:22:37.80667,2014-07-01 09:22:37.80667
364,https://s3-ap-northeast-1.amazonaws.com/files.fabnavi/okitest/pict140701_1823190000.JPG,https://s3-ap-northeast-1.amazonaws.com/files.fabnavi/okitest/pict140701_1823190000_thumbnail.JPG,21,9,2014-07-01 09:22:42.055117,2014-07-01 09:22:42.055117
365,https://s3-ap-northeast-1.amazonaws.com/files.fabnavi/okitest/pict140701_1823270000.JPG,https://s3-ap-northeast-1.amazonaws.com/files.fabnavi/okitest/pict140701_1823270000_thumbnail.JPG,21,10,2014-07-01 09:22:51.872821,2014-07-01 09:22:51.872821
366,https://s3-ap-northeast-1.amazonaws.com/files.fabnavi/okitest/pict140701_1823380000.JPG,https://s3-ap-northeast-1.amazonaws.com/files.fabnavi/okitest/pict140701_1823380000_thumbnail.JPG,21,11,2014-07-01 09:23:01.685387,2014-07-01 09:23:01.685387
367,https://s3-ap-northeast-1.amazonaws.com/files.fabnavi/okitest/pict140701_1823530000.JPG,https://s3-ap-northeast-1.amazonaws.com/files.fabnavi/okitest/pict140701_1823530000_thumbnail.JPG,21,12,2014-07-01 09:23:16.738772,2014-07-01 09:23:16.738772
368,https://s3-ap-northeast-1.amazonaws.com/files.fabnavi/okitest/pict140701_1824040000.JPG,https://s3-ap-northeast-1.amazonaws.com/files.fabnavi/okitest/pict140701_1824040000_thumbnail.JPG,21,13,2014-07-01 09:23:26.612754,2014-07-01 09:23:26.612754
369,https://s3-ap-northeast-1.amazonaws.com/files.fabnavi/okitest/pict140701_1825010000.JPG,https://s3-ap-northeast-1.amazonaws.com/files.fabnavi/okitest/pict140701_1825010000_thumbnail.JPG,21,14,2014-07-01 09:24:26.714367,2014-07-01 09:24:26.714367
370,https://s3-ap-northeast-1.amazonaws.com/files.fabnavi/okitest/pict140701_1825090000.JPG,https://s3-ap-northeast-1.amazonaws.com/files.fabnavi/okitest/pict140701_1825090000_thumbnail.JPG,21,15,2014-07-01 09:24:32.084454,2014-07-01 09:24:32.084454
371,https://s3-ap-northeast-1.amazonaws.com/files.fabnavi/okitest/pict140701_1825250000.JPG,https://s3-ap-northeast-1.amazonaws.com/files.fabnavi/okitest/pict140701_1825250000_thumbnail.JPG,21,16,2014-07-01 09:24:46.941933,2014-07-01 09:24:46.941933
372,https://s3-ap-northeast-1.amazonaws.com/files.fabnavi/okitest/pict140701_1825320000.JPG,https://s3-ap-northeast-1.amazonaws.com/files.fabnavi/okitest/pict140701_1825320000_thumbnail.JPG,21,17,2014-07-01 09:24:56.832011,2014-07-01 09:24:56.832011
373,https://s3-ap-northeast-1.amazonaws.com/files.fabnavi/okitest/pict140701_1825410000.JPG,https://s3-ap-northeast-1.amazonaws.com/files.fabnavi/okitest/pict140701_1825410000_thumbnail.JPG,21,18,2014-07-01 09:25:06.753004,2014-07-01 09:25:06.753004
374,https://s3-ap-northeast-1.amazonaws.com/files.fabnavi/okitest/pict140701_1825480000.JPG,https://s3-ap-northeast-1.amazonaws.com/files.fabnavi/okitest/pict140701_1825480000_thumbnail.JPG,21,19,2014-07-01 09:25:11.754079,2014-07-01 09:25:11.754079
375,https://s3-ap-northeast-1.amazonaws.com/files.fabnavi/okitest/pict140701_1825560000.JPG,https://s3-ap-northeast-1.amazonaws.com/files.fabnavi/okitest/pict140701_1825560000_thumbnail.JPG,21,20,2014-07-01 09:25:22.101373,2014-07-01 09:25:22.101373
376,https://s3-ap-northeast-1.amazonaws.com/files.fabnavi/okitest/pict140701_1826100000.JPG,https://s3-ap-northeast-1.amazonaws.com/files.fabnavi/okitest/pict140701_1826100000_thumbnail.JPG,21,22,2014-07-01 09:25:31.918818,2014-07-01 09:25:31.918818
377,https://s3-ap-northeast-1.amazonaws.com/files.fabnavi/okitest/pict140701_1826150000.JPG,https://s3-ap-northeast-1.amazonaws.com/files.fabnavi/okitest/pict140701_1826150000_thumbnail.JPG,21,23,2014-07-01 09:25:37.124258,2014-07-01 09:25:37.124258
378,https://s3-ap-northeast-1.amazonaws.com/files.fabnavi/okitest/pict140701_1826380000.JPG,https://s3-ap-northeast-1.amazonaws.com/files.fabnavi/okitest/pict140701_1826380000_thumbnail.JPG,21,24,2014-07-01 09:26:01.997582,2014-07-01 09:26:01.997582
379,https://s3-ap-northeast-1.amazonaws.com/files.fabnavi/okitest/pict140701_1826460000.JPG,https://s3-ap-northeast-1.amazonaws.com/files.fabnavi/okitest/pict140701_1826460000_thumbnail.JPG,21,26,2014-07-01 09:26:12.304917,2014-07-01 09:26:12.304917
380,https://s3-ap-northeast-1.amazonaws.com/files.fabnavi/okitest/pict140701_1826570000.JPG,https://s3-ap-northeast-1.amazonaws.com/files.fabnavi/okitest/pict140701_1826570000_thumbnail.JPG,21,27,2014-07-01 09:26:22.10041,2014-07-01 09:26:22.10041
381,https://s3-ap-northeast-1.amazonaws.com/files.fabnavi/okitest/pict140701_1827180000.JPG,https://s3-ap-northeast-1.amazonaws.com/files.fabnavi/okitest/pict140701_1827180000_thumbnail.JPG,21,28,2014-07-01 09:26:41.980566,2014-07-01 09:26:41.980566
382,https://s3-ap-northeast-1.amazonaws.com/files.fabnavi/okitest/pict140701_1827390000.JPG,https://s3-ap-northeast-1.amazonaws.com/files.fabnavi/okitest/pict140701_1827390000_thumbnail.JPG,21,29,2014-07-01 09:27:01.678359,2014-07-01 09:27:01.678359
383,https://s3-ap-northeast-1.amazonaws.com/files.fabnavi/okitest/pict140701_1827480000.JPG,https://s3-ap-northeast-1.amazonaws.com/files.fabnavi/okitest/pict140701_1827480000_thumbnail.JPG,21,30,2014-07-01 09:27:12.243165,2014-07-01 09:27:12.243165
384,https://s3-ap-northeast-1.amazonaws.com/files.fabnavi/okitest/pict140701_1828000000.JPG,https://s3-ap-northeast-1.amazonaws.com/files.fabnavi/okitest/pict140701_1828000000_thumbnail.JPG,21,31,2014-07-01 09:27:22.356647,2014-07-01 09:27:22.356647
385,https://s3-ap-northeast-1.amazonaws.com/files.fabnavi/okitest/pict140701_1828040000.JPG,https://s3-ap-northeast-1.amazonaws.com/files.fabnavi/okitest/pict140701_1828040000_thumbnail.JPG,21,32,2014-07-01 09:27:27.084649,2014-07-01 09:27:27.084649
386,https://s3-ap-northeast-1.amazonaws.com/files.fabnavi/okitest/pict140701_1828190000.JPG,https://s3-ap-northeast-1.amazonaws.com/files.fabnavi/okitest/pict140701_1828190000_thumbnail.JPG,21,33,2014-07-01 09:27:42.154068,2014-07-01 09:27:42.154068
387,https://s3-ap-northeast-1.amazonaws.com/files.fabnavi/okitest/pict140701_1829200000.JPG,https://s3-ap-northeast-1.amazonaws.com/files.fabnavi/okitest/pict140701_1829200000_thumbnail.JPG,21,35,2014-07-01 09:28:41.897852,2014-07-01 09:28:41.897852
388,https://s3-ap-northeast-1.amazonaws.com/files.fabnavi/okitest/pict140701_1829230000.JPG,https://s3-ap-northeast-1.amazonaws.com/files.fabnavi/okitest/pict140701_1829230000_thumbnail.JPG,21,36,2014-07-01 09:28:46.746685,2014-07-01 09:28:46.746685
389,https://s3-ap-northeast-1.amazonaws.com/files.fabnavi/okitest/pict140701_1829410000.JPG,https://s3-ap-northeast-1.amazonaws.com/files.fabnavi/okitest/pict140701_1829410000_thumbnail.JPG,21,37,2014-07-01 09:29:06.821036,2014-07-01 09:29:06.821036
390,https://s3-ap-northeast-1.amazonaws.com/files.fabnavi/okitest/pict140701_1829500000.JPG,https://s3-ap-northeast-1.amazonaws.com/files.fabnavi/okitest/pict140701_1829500000_thumbnail.JPG,21,38,2014-07-01 09:29:11.941754,2014-07-01 09:29:11.941754
391,https://s3-ap-northeast-1.amazonaws.com/files.fabnavi/okitest/pict140701_1829530000.JPG,https://s3-ap-northeast-1.amazonaws.com/files.fabnavi/okitest/pict140701_1829530000_thumbnail.JPG,21,39,2014-07-01 09:29:16.963459,2014-07-01 09:29:16.963459
392,https://s3-ap-northeast-1.amazonaws.com/files.fabnavi/okitest/pict140701_1830020000.JPG,https://s3-ap-northeast-1.amazonaws.com/files.fabnavi/okitest/pict140701_1830020000_thumbnail.JPG,21,40,2014-07-01 09:29:27.031459,2014-07-01 09:29:27.031459
393,https://s3-ap-northeast-1.amazonaws.com/files.fabnavi/okitest/pict140701_1830110000.JPG,https://s3-ap-northeast-1.amazonaws.com/files.fabnavi/okitest/pict140701_1830110000_thumbnail.JPG,21,41,2014-07-01 09:29:36.866484,2014-07-01 09:29:36.866484
394,https://s3-ap-northeast-1.amazonaws.com/files.fabnavi/okitest/pict140701_1830240000.JPG,https://s3-ap-northeast-1.amazonaws.com/files.fabnavi/okitest/pict140701_1830240000_thumbnail.JPG,21,43,2014-07-01 09:29:47.288695,2014-07-01 09:29:47.288695
395,https://s3-ap-northeast-1.amazonaws.com/files.fabnavi/okitest/pict140701_1830300000.JPG,https://s3-ap-northeast-1.amazonaws.com/files.fabnavi/okitest/pict140701_1830300000_thumbnail.JPG,21,44,2014-07-01 09:29:52.301139,2014-07-01 09:29:52.301139
396,https://s3-ap-northeast-1.amazonaws.com/files.fabnavi/okitest/pict140701_1830380000.JPG,https://s3-ap-northeast-1.amazonaws.com/files.fabnavi/okitest/pict140701_1830380000_thumbnail.JPG,21,45,2014-07-01 09:30:02.737255,2014-07-01 09:30:02.737255
397,https://s3-ap-northeast-1.amazonaws.com/files.fabnavi/okitest/pict140701_1830580000.JPG,https://s3-ap-northeast-1.amazonaws.com/files.fabnavi/okitest/pict140701_1830580000_thumbnail.JPG,21,46,2014-07-01 09:30:22.925404,2014-07-01 09:30:22.925404
398,https://s3-ap-northeast-1.amazonaws.com/files.fabnavi/testproj/pict130101_0043420000.JPG,https://s3-ap-northeast-1.amazonaws.com/files.fabnavi/testproj/pict130101_0043420000_thumbnail.JPG,24,1,2014-08-18 08:35:09.089872,2014-08-18 08:35:09.089872
399,https://s3-ap-northeast-1.amazonaws.com/files.fabnavi/testproject/pict130101_0045130000.JPG,,25,1,2014-08-18 08:36:37.678923,2014-08-18 08:36:37.678923
400,https://s3-ap-northeast-1.amazonaws.com/files.fabnavi/testproject2/pict130101_0050350000.JPG,https://s3-ap-northeast-1.amazonaws.com/files.fabnavi/testproject2/pict130101_0050350000_thumbnail.JPG,26,1,2014-08-18 08:42:01.35997,2014-08-18 08:42:01.35997
401,https://s3-ap-northeast-1.amazonaws.com/files.fabnavi/testproject2/pict130101_0051360000.JPG,https://s3-ap-northeast-1.amazonaws.com/files.fabnavi/testproject2/pict130101_0051360000_thumbnail.JPG,26,2,2014-08-18 08:43:00.865571,2014-08-18 08:43:00.865571
402,https://s3-ap-northeast-1.amazonaws.com/files.fabnavi/test3/pict130101_0055000000.JPG,https://s3-ap-northeast-1.amazonaws.com/files.fabnavi/test3/pict130101_0055000000_thumbnail.JPG,27,1,2014-08-18 08:46:25.128018,2014-08-18 08:46:25.128018
403,https://s3-ap-northeast-1.amazonaws.com/files.fabnavi/test3/pict130101_0059560000.JPG,https://s3-ap-northeast-1.amazonaws.com/files.fabnavi/test3/pict130101_0059560000_thumbnail.JPG,27,2,2014-08-18 08:51:20.807988,2014-08-18 08:51:20.807988
414,https://s3-ap-northeast-1.amazonaws.com/files.fabnavi/test3/pict130101_0108330000.JPG,https://s3-ap-northeast-1.amazonaws.com/files.fabnavi/test3/pict130101_0108330000_thumbnail.JPG,27,3,2014-08-18 08:59:57.956676,2014-08-18 08:59:57.956676
415,https://s3-ap-northeast-1.amazonaws.com/files.fabnavi/test3/pict130101_0109240000.JPG,https://s3-ap-northeast-1.amazonaws.com/files.fabnavi/test3/pict130101_0109240000_thumbnail.JPG,27,4,2014-08-18 09:00:49.656785,2014-08-18 09:00:49.656785
420,https://s3-ap-northeast-1.amazonaws.com/files.fabnavi/test3/pict130101_0110520000.JPG,https://s3-ap-northeast-1.amazonaws.com/files.fabnavi/test3/pict130101_0110520000_thumbnail.JPG,27,9,2014-08-18 09:02:16.613375,2014-08-18 09:02:16.613375
417,https://s3-ap-northeast-1.amazonaws.com/files.fabnavi/test3/pict130101_0110000000.JPG,https://s3-ap-northeast-1.amazonaws.com/files.fabnavi/test3/pict130101_0110000000_thumbnail.JPG,27,6,2014-08-18 09:01:25.691245,2014-08-18 09:01:25.691245
409,https://s3-ap-northeast-1.amazonaws.com/files.fabnavi/test3/pict130101_0102370000.JPG,https://s3-ap-northeast-1.amazonaws.com/files.fabnavi/test3/pict130101_0102370000_thumbnail.JPG,27,18,2014-08-18 08:54:06.636,2014-08-18 09:14:07.272096
410,https://s3-ap-northeast-1.amazonaws.com/files.fabnavi/test3/pict130101_0102590000.JPG,https://s3-ap-northeast-1.amazonaws.com/files.fabnavi/test3/pict130101_0102590000_thumbnail.JPG,27,19,2014-08-18 08:54:24.496058,2014-08-18 09:14:07.279674
411,https://s3-ap-northeast-1.amazonaws.com/files.fabnavi/test3/pict130101_0103070000.JPG,https://s3-ap-northeast-1.amazonaws.com/files.fabnavi/test3/pict130101_0103070000_thumbnail.JPG,27,20,2014-08-18 08:54:34.555512,2014-08-18 09:14:07.28741
419,https://s3-ap-northeast-1.amazonaws.com/files.fabnavi/test3/pict130101_0110370000.JPG,https://s3-ap-northeast-1.amazonaws.com/files.fabnavi/test3/pict130101_0110370000_thumbnail.JPG,27,8,2014-08-18 09:02:02.285452,2014-08-18 09:02:02.285452
412,https://s3-ap-northeast-1.amazonaws.com/files.fabnavi/test3/pict130101_0103240000.JPG,https://s3-ap-northeast-1.amazonaws.com/files.fabnavi/test3/pict130101_0103240000_thumbnail.JPG,27,21,2014-08-18 08:54:51.454516,2014-08-18 09:14:07.29466
413,https://s3-ap-northeast-1.amazonaws.com/files.fabnavi/test3/pict130101_0103410000.JPG,https://s3-ap-northeast-1.amazonaws.com/files.fabnavi/test3/pict130101_0103410000_thumbnail.JPG,27,22,2014-08-18 08:55:08.933249,2014-08-18 09:14:07.301898
416,https://s3-ap-northeast-1.amazonaws.com/files.fabnavi/test3/pict130101_0109480000.JPG,https://s3-ap-northeast-1.amazonaws.com/files.fabnavi/test3/pict130101_0109480000_thumbnail.JPG,27,5,2014-08-18 09:01:14.327027,2014-08-18 09:01:14.327027
422,https://s3-ap-northeast-1.amazonaws.com/files.fabnavi/test3/pict130101_0111370000.JPG,https://s3-ap-northeast-1.amazonaws.com/files.fabnavi/test3/pict130101_0111370000_thumbnail.JPG,27,11,2014-08-18 09:03:01.702902,2014-08-18 09:03:01.702902
404,https://s3-ap-northeast-1.amazonaws.com/files.fabnavi/test3/pict130101_0100330000.JPG,https://s3-ap-northeast-1.amazonaws.com/files.fabnavi/test3/pict130101_0100330000_thumbnail.JPG,27,13,2014-08-18 08:51:57.58808,2014-08-18 09:14:07.230386
405,https://s3-ap-northeast-1.amazonaws.com/files.fabnavi/test3/pict130101_0101020000.JPG,https://s3-ap-northeast-1.amazonaws.com/files.fabnavi/test3/pict130101_0101020000_thumbnail.JPG,27,14,2014-08-18 08:52:26.729273,2014-08-18 09:14:07.239082
406,https://s3-ap-northeast-1.amazonaws.com/files.fabnavi/test3/pict130101_0101120000.JPG,https://s3-ap-northeast-1.amazonaws.com/files.fabnavi/test3/pict130101_0101120000_thumbnail.JPG,27,15,2014-08-18 08:52:38.218895,2014-08-18 09:14:07.247017
407,https://s3-ap-northeast-1.amazonaws.com/files.fabnavi/test3/pict130101_0101270000.JPG,https://s3-ap-northeast-1.amazonaws.com/files.fabnavi/test3/pict130101_0101270000_thumbnail.JPG,27,16,2014-08-18 08:52:50.789701,2014-08-18 09:14:07.254465
408,https://s3-ap-northeast-1.amazonaws.com/files.fabnavi/test3/pict130101_0102080000.JPG,https://s3-ap-northeast-1.amazonaws.com/files.fabnavi/test3/pict130101_0102080000_thumbnail.JPG,27,17,2014-08-18 08:53:32.419486,2014-08-18 09:14:07.262323
423,https://s3-ap-northeast-1.amazonaws.com/files.fabnavi/test3/pict130101_0122410000.JPG,https://s3-ap-northeast-1.amazonaws.com/files.fabnavi/test3/pict130101_0122410000_thumbnail.JPG,27,12,2014-08-18 09:14:08.365143,2014-08-18 09:14:08.365143
418,https://s3-ap-northeast-1.amazonaws.com/files.fabnavi/test3/pict130101_0110210000.JPG,https://s3-ap-northeast-1.amazonaws.com/files.fabnavi/test3/pict130101_0110210000_thumbnail.JPG,27,7,2014-08-18 09:01:45.898557,2014-08-18 09:01:45.898557
421,https://s3-ap-northeast-1.amazonaws.com/files.fabnavi/test3/pict130101_0111190000.JPG,https://s3-ap-northeast-1.amazonaws.com/files.fabnavi/test3/pict130101_0111190000_thumbnail.JPG,27,10,2014-08-18 09:02:44.876417,2014-08-18 09:02:44.876417
424,https://s3-ap-northeast-1.amazonaws.com/files.fabnavi/uploadTest/pict130212_2243310000.JPG,,29,1,2014-09-30 06:34:37.486771,2014-09-30 06:34:37.486771
425,https://s3-ap-northeast-1.amazonaws.com/files.fabnavi/uploadTest/pict130212_2252390000.JPG,,29,1,2014-09-30 06:43:45.143124,2014-09-30 06:43:45.143124
426,https://s3-ap-northeast-1.amazonaws.com/files.fabnavi/uploadTest/pict130212_2253220000.JPG,,29,1,2014-09-30 06:44:32.536738,2014-09-30 06:44:32.536738
427,https://s3-ap-northeast-1.amazonaws.com/files.fabnavi/uploadTest/pict130212_2253490000.JPG,,29,1,2014-09-30 06:44:57.412006,2014-09-30 06:44:57.412006
428,https://s3-ap-northeast-1.amazonaws.com/files.fabnavi/uploadTest/pict130212_2259060000.JPG,https://s3-ap-northeast-1.amazonaws.com/files.fabnavi/uploadTest/pict130212_2259060000.JPG,29,1,2014-09-30 06:50:13.491641,2014-09-30 06:50:13.536012
429,https://s3-ap-northeast-1.amazonaws.com/files.fabnavi/uploadTest/pict130212_2341140000.JPG,,29,1,2014-09-30 07:32:27.3629,2014-09-30 07:32:27.3629
430,https://s3-ap-northeast-1.amazonaws.com/files.fabnavi/uploadTest/pict130212_2341140000.JPG,https://s3-ap-northeast-1.amazonaws.com/files.fabnavi/uploadTest/pict130212_2341140000_thumbnail.JPG,29,1,2014-09-30 07:32:27.368021,2014-09-30 07:32:27.368021
431,https://s3-ap-northeast-1.amazonaws.com/files.fabnavi/uploadTest/pict130212_2344440000.JPG,,29,1,2014-09-30 07:35:56.053422,2014-09-30 07:35:56.053422
432,https://s3-ap-northeast-1.amazonaws.com/files.fabnavi/uploadTest/pict130212_2344440000.JPG,https://s3-ap-northeast-1.amazonaws.com/files.fabnavi/uploadTest/pict130212_2344440000_thumbnail.JPG,29,1,2014-09-30 07:35:56.063143,2014-09-30 07:35:56.063143
434,https://s3-ap-northeast-1.amazonaws.com/files.fabnavi/uploadTest/pict130212_2346380000.JPG,https://s3-ap-northeast-1.amazonaws.com/files.fabnavi/uploadTest/pict130212_2346380000_thumbnail.JPG,29,1,2014-09-30 07:38:02.327317,2014-09-30 07:38:02.327317
437,https://s3-ap-northeast-1.amazonaws.com/files.fabnavi/uploadTest/pict130212_2347520000.JPG,,29,1,2014-09-30 07:39:08.610883,2014-09-30 07:39:08.610883
433,https://s3-ap-northeast-1.amazonaws.com/files.fabnavi/uploadTest/pict130212_2346380000.JPG,https://s3-ap-northeast-1.amazonaws.com/files.fabnavi/uploadTest/pict130212_2346380000_thumbnail.JPG,29,1,2014-09-30 07:38:02.322044,2014-09-30 07:38:07.270408
435,https://s3-ap-northeast-1.amazonaws.com/files.fabnavi/uploadTest/pict130212_2346440000.JPG,,29,4,2014-09-30 07:38:07.286321,2014-09-30 07:38:07.286321
436,https://s3-ap-northeast-1.amazonaws.com/files.fabnavi/uploadTest/pict130212_2346440000.JPG,https://s3-ap-northeast-1.amazonaws.com/files.fabnavi/uploadTest/pict130212_2346440000_thumbnail.JPG,29,4,2014-09-30 07:38:07.289096,2014-09-30 07:38:07.289096
438,https://s3-ap-northeast-1.amazonaws.com/files.fabnavi/uploadTest/pict130212_2347520000.JPG,https://s3-ap-northeast-1.amazonaws.com/files.fabnavi/uploadTest/pict130212_2347520000_thumbnail.JPG,29,1,2014-09-30 07:39:08.616689,2014-09-30 07:39:08.616689
439,https://s3-ap-northeast-1.amazonaws.com/files.fabnavi/uploadTest/pict130212_2349460000.JPG,https://s3-ap-northeast-1.amazonaws.com/files.fabnavi/uploadTest/pict130212_2349460000_thumbnail.JPG,29,1,2014-09-30 07:41:05.987937,2014-09-30 07:41:05.987937
440,https://s3-ap-northeast-1.amazonaws.com/files.fabnavi/uploadTest/pict130212_2349460000.JPG,,29,1,2014-09-30 07:41:05.993512,2014-09-30 07:41:05.993512
442,https://s3-ap-northeast-1.amazonaws.com/files.fabnavi/uploadTest/pict130212_2349480000.JPG,https://s3-ap-northeast-1.amazonaws.com/files.fabnavi/uploadTest/pict130212_2349480000_thumbnail.JPG,29,2,2014-09-30 07:41:10.99728,2014-09-30 07:41:10.99728
444,https://s3-ap-northeast-1.amazonaws.com/files.fabnavi/uploadTest/pict130212_2349500000.JPG,https://s3-ap-northeast-1.amazonaws.com/files.fabnavi/uploadTest/pict130212_2349500000_thumbnail.JPG,29,3,2014-09-30 07:41:16.010272,2014-09-30 07:41:16.010272
445,https://s3-ap-northeast-1.amazonaws.com/files.fabnavi/uploadTest/pict130212_2349530000.JPG,https://s3-ap-northeast-1.amazonaws.com/files.fabnavi/uploadTest/pict130212_2349530000_thumbnail.JPG,29,4,2014-09-30 07:41:21.00336,2014-09-30 07:41:21.00336
441,https://s3-ap-northeast-1.amazonaws.com/files.fabnavi/uploadTest/pict130212_2349480000.JPG,https://s3-ap-northeast-1.amazonaws.com/files.fabnavi/uploadTest/pict130212_2349480000_thumbnail.JPG,29,2,2014-09-30 07:41:10.99446,2014-09-30 07:41:15.988732
443,https://s3-ap-northeast-1.amazonaws.com/files.fabnavi/uploadTest/pict130212_2349500000.JPG,,29,3,2014-09-30 07:41:16.003765,2014-09-30 07:41:16.003765
446,https://s3-ap-northeast-1.amazonaws.com/files.fabnavi/uploadTest/pict130212_2349530000.JPG,,29,4,2014-09-30 07:41:21.004916,2014-09-30 07:41:21.004916
447,https://s3-ap-northeast-1.amazonaws.com/files.fabnavi/uploadTest/pict130212_2352040000.JPG,https://s3-ap-northeast-1.amazonaws.com/files.fabnavi/uploadTest/pict130212_2352040000_thumbnail.JPG,29,1,2014-09-30 07:43:32.682381,2014-09-30 07:43:32.816788
448,https://s3-ap-northeast-1.amazonaws.com/files.fabnavi/uploadTest/pict130212_2352060000.JPG,https://s3-ap-northeast-1.amazonaws.com/files.fabnavi/uploadTest/pict130212_2352060000_thumbnail.JPG,29,2,2014-09-30 07:43:39.84793,2014-09-30 07:43:39.84793
449,https://s3-ap-northeast-1.amazonaws.com/files.fabnavi/uploadTest/pict130212_2352080000.JPG,https://s3-ap-northeast-1.amazonaws.com/files.fabnavi/uploadTest/pict130212_2352080000_thumbnail.JPG,29,3,2014-09-30 07:43:44.836201,2014-09-30 07:43:44.836201
450,https://s3-ap-northeast-1.amazonaws.com/files.fabnavi/uploadTest/pict130212_2352110000.JPG,https://s3-ap-northeast-1.amazonaws.com/files.fabnavi/uploadTest/pict130212_2352110000_thumbnail.JPG,29,4,2014-09-30 07:43:49.852507,2014-09-30 07:43:49.852507
451,https://s3-ap-northeast-1.amazonaws.com/files.fabnavi/uploadTest/pict130212_2352130000.JPG,https://s3-ap-northeast-1.amazonaws.com/files.fabnavi/uploadTest/pict130212_2352130000_thumbnail.JPG,29,5,2014-09-30 07:43:54.805865,2014-09-30 07:43:54.805865
457,https://s3-ap-northeast-1.amazonaws.com/files.fabnavi/utest/pict130213_0154290000.JPG,https://s3-ap-northeast-1.amazonaws.com/files.fabnavi/utest/pict130213_0154290000_thumbnail.JPG,30,4,2014-09-30 09:45:52.242622,2014-10-03 15:50:23.886706
471,https://s3-ap-northeast-1.amazonaws.com/files.fabnavi/pacigi/pict130214_2304200000.JPG,https://s3-ap-northeast-1.amazonaws.com/files.fabnavi/pacigi/pict130214_2304200000_thumbnail.JPG,35,3,2014-10-02 07:04:58.181886,2014-10-03 15:52:52.095786
459,https://s3-ap-northeast-1.amazonaws.com/files.fabnavi/utest/pict130213_0154580000.JPG,https://s3-ap-northeast-1.amazonaws.com/files.fabnavi/utest/pict130213_0154580000_thumbnail.JPG,30,5,2014-09-30 09:46:11.635305,2014-10-03 15:50:23.890916
461,https://s3-ap-northeast-1.amazonaws.com/files.fabnavi/utest/pict130213_0155160000.JPG,https://s3-ap-northeast-1.amazonaws.com/files.fabnavi/utest/pict130213_0155160000_thumbnail.JPG,30,7,2014-09-30 09:46:26.035629,2014-10-03 15:50:23.899342
463,https://s3-ap-northeast-1.amazonaws.com/files.fabnavi/utest/pict130213_0302410000.JPG,https://s3-ap-northeast-1.amazonaws.com/files.fabnavi/utest/pict130213_0302410000_thumbnail.JPG,30,-1,2014-09-30 10:54:12.67711,2014-10-03 15:50:04.968429
462,https://s3-ap-northeast-1.amazonaws.com/files.fabnavi/utest/pict130213_0302370000.JPG,https://s3-ap-northeast-1.amazonaws.com/files.fabnavi/utest/pict130213_0302370000_thumbnail.JPG,30,-1,2014-09-30 10:54:07.687501,2014-10-03 15:50:04.972235
452,https://s3-ap-northeast-1.amazonaws.com/files.fabnavi/utest/pict130213_0006360000.JPG,https://s3-ap-northeast-1.amazonaws.com/files.fabnavi/utest/pict130213_0006360000_thumbnail.JPG,30,-1,2014-09-30 07:57:55.888249,2014-10-03 15:50:04.976854
464,https://s3-ap-northeast-1.amazonaws.com/files.fabnavi/utest/pict130213_0302480000.JPG,https://s3-ap-northeast-1.amazonaws.com/files.fabnavi/utest/pict130213_0302480000_thumbnail.JPG,30,-1,2014-09-30 10:54:17.839392,2014-10-03 15:50:04.940124
460,https://s3-ap-northeast-1.amazonaws.com/files.fabnavi/utest/pict130213_0155030000.JPG,https://s3-ap-northeast-1.amazonaws.com/files.fabnavi/utest/pict130213_0155030000_thumbnail.JPG,30,6,2014-09-30 09:46:15.945008,2014-10-03 15:50:23.895333
465,https://s3-ap-northeast-1.amazonaws.com/files.fabnavi/komadori/pict130214_0414410000.JPG,https://s3-ap-northeast-1.amazonaws.com/files.fabnavi/komadori/pict130214_0414410000_thumbnail.JPG,34,1,2014-10-01 12:06:43.422201,2014-10-01 12:06:43.422201
466,https://s3-ap-northeast-1.amazonaws.com/files.fabnavi/komadori/pict130214_0415230000.JPG,https://s3-ap-northeast-1.amazonaws.com/files.fabnavi/komadori/pict130214_0415230000_thumbnail.JPG,34,2,2014-10-01 12:06:47.885643,2014-10-01 12:06:47.885643
467,https://s3-ap-northeast-1.amazonaws.com/files.fabnavi/komadori/pict130214_0416040000.JPG,https://s3-ap-northeast-1.amazonaws.com/files.fabnavi/komadori/pict130214_0416040000_thumbnail.JPG,34,3,2014-10-01 12:07:13.531879,2014-10-01 12:07:13.531879
468,https://s3-ap-northeast-1.amazonaws.com/files.fabnavi/komadori/pict130214_0416120000.JPG,https://s3-ap-northeast-1.amazonaws.com/files.fabnavi/komadori/pict130214_0416120000_thumbnail.JPG,34,4,2014-10-01 12:07:22.923321,2014-10-01 12:07:22.923321
475,https://s3-ap-northeast-1.amazonaws.com/files.fabnavi/fxkh/pict130215_1853250000.JPG,https://s3-ap-northeast-1.amazonaws.com/files.fabnavi/fxkh/pict130215_1853250000_thumbnail.JPG,36,1,2014-10-03 02:54:50.185258,2014-10-03 02:54:50.185258
476,https://s3-ap-northeast-1.amazonaws.com/files.fabnavi/fxkh/pict130215_1853490000.JPG,https://s3-ap-northeast-1.amazonaws.com/files.fabnavi/fxkh/pict130215_1853490000_thumbnail.JPG,36,2,2014-10-03 02:54:55.136453,2014-10-03 02:54:55.136453
456,https://s3-ap-northeast-1.amazonaws.com/files.fabnavi/utest/pict130213_0153180000.JPG,https://s3-ap-northeast-1.amazonaws.com/files.fabnavi/utest/pict130213_0153180000_thumbnail.JPG,30,3,2014-09-30 09:44:41.952697,2014-10-03 15:50:23.882622
455,https://s3-ap-northeast-1.amazonaws.com/files.fabnavi/utest/pict130213_0022570000.JPG,https://s3-ap-northeast-1.amazonaws.com/files.fabnavi/utest/pict130213_0022570000_thumbnail.JPG,30,2,2014-09-30 08:14:27.667761,2014-10-03 15:50:23.877474
454,https://s3-ap-northeast-1.amazonaws.com/files.fabnavi/utest/pict130213_0022540000.JPG,https://s3-ap-northeast-1.amazonaws.com/files.fabnavi/utest/pict130213_0022540000_thumbnail.JPG,30,-1,2014-09-30 08:14:23.126621,2014-10-03 15:50:04.994169
453,https://s3-ap-northeast-1.amazonaws.com/files.fabnavi/utest/pict130213_0006380000.JPG,https://s3-ap-northeast-1.amazonaws.com/files.fabnavi/utest/pict130213_0006380000_thumbnail.JPG,30,1,2014-09-30 07:58:00.632512,2014-10-03 15:50:23.872243
470,https://s3-ap-northeast-1.amazonaws.com/files.fabnavi/pacigi/pict130214_2304150000.JPG,https://s3-ap-northeast-1.amazonaws.com/files.fabnavi/pacigi/pict130214_2304150000_thumbnail.JPG,35,-1,2014-10-02 07:04:53.6282,2014-10-03 15:52:52.066072
473,https://s3-ap-northeast-1.amazonaws.com/files.fabnavi/pacigi/pict130214_2304380000.JPG,https://s3-ap-northeast-1.amazonaws.com/files.fabnavi/pacigi/pict130214_2304380000_thumbnail.JPG,35,4,2014-10-02 07:05:08.164422,2014-10-03 15:52:52.103105
472,https://s3-ap-northeast-1.amazonaws.com/files.fabnavi/pacigi/pict130214_2304350000.JPG,https://s3-ap-northeast-1.amazonaws.com/files.fabnavi/pacigi/pict130214_2304350000_thumbnail.JPG,35,-1,2014-10-02 07:05:03.452213,2014-10-03 15:52:52.074113
469,https://s3-ap-northeast-1.amazonaws.com/files.fabnavi/pacigi/pict130214_2303460000.JPG,https://s3-ap-northeast-1.amazonaws.com/files.fabnavi/pacigi/pict130214_2303460000_thumbnail.JPG,35,7,2014-10-02 07:04:48.23119,2014-10-03 15:52:52.124516
11,https://s3-ap-northeast-1.amazonaws.com/files.fabnavi/lego/R0193304.jpg,https://s3-ap-northeast-1.amazonaws.com/files.fabnavi/lego/R0193304.jpg,7,1,2014-06-28 09:10:03.827968,2014-10-03 16:03:40.397663
474,https://s3-ap-northeast-1.amazonaws.com/files.fabnavi/pacigi/pict130214_2304420000.JPG,https://s3-ap-northeast-1.amazonaws.com/files.fabnavi/pacigi/pict130214_2304420000_thumbnail.JPG,35,1,2014-10-02 07:05:13.275263,2014-10-03 15:52:52.086256
477,https://s3-ap-northeast-1.amazonaws.com/files.fabnavi/fxkh/pict130215_1854390000.JPG,https://s3-ap-northeast-1.amazonaws.com/files.fabnavi/fxkh/pict130215_1854390000_thumbnail.JPG,36,3,2014-10-03 02:55:00.104843,2014-10-03 02:55:00.104843
480,https://s3-ap-northeast-1.amazonaws.com/files.fabnavi/fxkh/pict130215_1902480000.JPG,https://s3-ap-northeast-1.amazonaws.com/files.fabnavi/fxkh/pict130215_1902480000_thumbnail.JPG,36,4,2014-10-03 02:55:15.099356,2014-10-03 02:55:20.110712
479,https://s3-ap-northeast-1.amazonaws.com/files.fabnavi/fxkh/pict130215_1902370000.JPG,https://s3-ap-northeast-1.amazonaws.com/files.fabnavi/fxkh/pict130215_1902370000_thumbnail.JPG,36,5,2014-10-03 02:55:10.235428,2014-10-03 02:55:20.123807
478,https://s3-ap-northeast-1.amazonaws.com/files.fabnavi/fxkh/pict130215_1901070000.JPG,https://s3-ap-northeast-1.amazonaws.com/files.fabnavi/fxkh/pict130215_1901070000_thumbnail.JPG,36,6,2014-10-03 02:55:05.415256,2014-10-03 02:55:20.12938
144,https://s3-ap-northeast-1.amazonaws.com/files.fabnavi/bighand/pict20140418_102032_0.JPG.jpg,,5,40,2014-06-28 09:41:32.014006,2015-03-02 11:25:25.926422
19,https://s3-ap-northeast-1.amazonaws.com/files.fabnavi/bighand/pict20140418_093132_0.JPG.jpg,https://s3-ap-northeast-1.amazonaws.com/files.fabnavi/bighand/pict20140418_093132_0.JPG.jpg,5,113,2014-06-28 09:12:35.472633,2015-03-02 11:25:26.349257
482,https://s3-ap-northeast-1.amazonaws.com/files.fabnavi/fxkh/pict130215_1903150000.JPG,https://s3-ap-northeast-1.amazonaws.com/files.fabnavi/fxkh/pict130215_1903150000_thumbnail.JPG,36,9,2014-10-03 02:55:25.221076,2014-10-03 03:58:29.169447
458,https://s3-ap-northeast-1.amazonaws.com/files.fabnavi/utest/pict130213_0154320000.JPG,https://s3-ap-northeast-1.amazonaws.com/files.fabnavi/utest/pict130213_0154320000_thumbnail.JPG,30,8,2014-09-30 09:45:56.702869,2014-10-03 15:50:23.903297
483,https://s3-ap-northeast-1.amazonaws.com/files.fabnavi/fxkh/pict141003_1258260000.JPG,https://s3-ap-northeast-1.amazonaws.com/files.fabnavi/fxkh/pict141003_1258260000_thumbnail.JPG,36,7,2014-10-03 03:58:29.327304,2014-10-03 03:58:29.327304
486,https://s3-ap-northeast-1.amazonaws.com/files.fabnavi/hogehogehoge/pict130101_0026210000.JPG,https://s3-ap-northeast-1.amazonaws.com/files.fabnavi/hogehogehoge/pict130101_0026210000_thumbnail.JPG,37,-1,2014-10-03 09:20:04.474552,2014-10-03 15:52:17.257162
487,https://s3-ap-northeast-1.amazonaws.com/files.fabnavi/hogehogehoge/pict130101_0026230000.JPG,https://s3-ap-northeast-1.amazonaws.com/files.fabnavi/hogehogehoge/pict130101_0026230000_thumbnail.JPG,37,-1,2014-10-03 09:20:09.928055,2014-10-03 15:52:17.261624
484,https://s3-ap-northeast-1.amazonaws.com/files.fabnavi/hogehogehoge/pict130101_0026020000.JPG,https://s3-ap-northeast-1.amazonaws.com/files.fabnavi/hogehogehoge/pict130101_0026020000_thumbnail.JPG,37,-1,2014-10-03 09:19:54.758076,2014-10-03 15:52:17.265336
481,https://s3-ap-northeast-1.amazonaws.com/files.fabnavi/fxkh/pict130215_1902570000.JPG,https://s3-ap-northeast-1.amazonaws.com/files.fabnavi/fxkh/pict130215_1902570000_thumbnail.JPG,36,12,2014-10-03 02:55:20.216142,2014-10-03 03:58:29.358275
485,https://s3-ap-northeast-1.amazonaws.com/files.fabnavi/hogehogehoge/pict130101_0026070000.JPG,https://s3-ap-northeast-1.amazonaws.com/files.fabnavi/hogehogehoge/pict130101_0026070000_thumbnail.JPG,37,1,2014-10-03 09:19:59.472059,2014-10-03 15:52:17.269978
191,https://s3-ap-northeast-1.amazonaws.com/files.fabnavi/bighand/pict20140418_104702_0.JPG.jpg,,5,1,2014-06-28 09:51:55.552336,2015-03-02 11:25:25.605497
198,https://s3-ap-northeast-1.amazonaws.com/files.fabnavi/bighand/pict20140418_105120_0.JPG.jpg,,5,2,2014-06-28 09:53:32.848199,2015-03-02 11:25:25.6373
206,https://s3-ap-northeast-1.amazonaws.com/files.fabnavi/bighand/pict20140418_105659_0.JPG.jpg,,5,10,2014-06-28 09:55:11.463779,2015-03-02 11:25:25.687951
225,https://s3-ap-northeast-1.amazonaws.com/files.fabnavi/bighand/pict20140418_112128_0.JPG.jpg,,5,33,2014-06-28 09:58:27.44362,2015-03-02 11:25:25.875034
223,https://s3-ap-northeast-1.amazonaws.com/files.fabnavi/bighand/pict20140418_112009_0.JPG.jpg,,5,38,2014-06-28 09:58:10.810814,2015-03-02 11:25:25.915945
127,https://s3-ap-northeast-1.amazonaws.com/files.fabnavi/bighand/pict20140418_101323_0.JPG.jpg,,5,39,2014-06-28 09:36:44.322295,2015-03-02 11:25:25.921327
181,https://s3-ap-northeast-1.amazonaws.com/files.fabnavi/bighand/pict20140418_103627_0.JPG.jpg,,5,41,2014-06-28 09:50:03.083052,2015-03-02 11:25:25.931403
87,https://s3-ap-northeast-1.amazonaws.com/files.fabnavi/bighand/pict20140418_100118_0.JPG.jpg,,5,42,2014-06-28 09:26:19.687709,2015-03-02 11:25:25.93643
107,https://s3-ap-northeast-1.amazonaws.com/files.fabnavi/bighand/pict20140418_100836_0.JPG.jpg,,5,55,2014-06-28 09:31:23.983802,2015-03-02 11:25:26.013298
135,https://s3-ap-northeast-1.amazonaws.com/files.fabnavi/bighand/pict20140418_101641_0.JPG.jpg,,5,62,2014-06-28 09:39:10.338149,2015-03-02 11:25:26.061924
153,https://s3-ap-northeast-1.amazonaws.com/files.fabnavi/bighand/pict20140418_102340_0.JPG.jpg,,5,74,2014-06-28 09:43:45.728682,2015-03-02 11:25:26.136625
20,https://s3-ap-northeast-1.amazonaws.com/files.fabnavi/bighand/pict20140418_093436_0.JPG.jpg,,5,114,2014-06-28 09:13:00.653897,2015-03-02 11:25:26.358188
51,https://s3-ap-northeast-1.amazonaws.com/files.fabnavi/bighand/pict20140418_094633_0.JPG.jpg,,5,131,2014-06-28 09:19:14.203604,2015-03-02 11:25:26.455042
54,https://s3-ap-northeast-1.amazonaws.com/files.fabnavi/bighand/pict20140418_094810_0.JPG.jpg,,5,133,2014-06-28 09:19:57.472166,2015-03-02 11:25:26.465821
69,https://s3-ap-northeast-1.amazonaws.com/files.fabnavi/bighand/pict20140418_095341_0.JPG.jpg,,5,142,2014-06-28 09:22:49.217798,2015-03-02 11:25:26.513934
70,https://s3-ap-northeast-1.amazonaws.com/files.fabnavi/bighand/pict20140418_095414_0.JPG.jpg,,5,143,2014-06-28 09:23:03.704987,2015-03-02 11:25:26.521359
